{"type": "FeatureCollection", "features": [{"type": "Feature", "properties": {"name": "A55"}, "geometry": {"type": "MultiLineString", "coordinates": [[[-3.0122094, 53.1622344], [-3.0109132, 53.1620103], [-3.009774, 53.161789], [-3.0076695, 53.1613729], [-3.006374, 53.1611204], [-3.0042101, 53.1606972], [-3.0027628, 53.1604465], [-3.0016669, 53.1602926], [-3.0005397, 53.1601714], [-2.9993345, 53.1600733], [-2.9984655, 53.1600339], [-2.9967421, 53.1600234], [-2.9958999, 53.1600255], [-2.9945865, 53.1600897], [-2.9933968, 53.1601892], [-2.9927996, 53.1602481], [-2.992163, 53.1603241], [-2.9913979, 53.1604362], [-2.9897095, 53.1607143], [-2.9835162, 53.1617948], [-2.9778847, 53.1627807], [-2.9740896, 53.1633343]], [[-2.9740896, 53.1633343], [-2.9719077, 53.1634333], [-2.9709257, 53.1634073], [-2.970274, 53.1633733], [-2.9698902, 53.1633474], [-2.9695361, 53.163316], [-2.9686774, 53.1632206], [-2.9678262, 53.1630844], [-2.9672621, 53.1629834], [-2.9664816, 53.1628293], [-2.9647636, 53.1624625]], [[-2.9678065, 53.1629818], [-2.9686776, 53.163112], [-2.969217, 53.1631761], [-2.9697149, 53.1632231], [-2.9702397, 53.163264], [-2.9709056, 53.1632995], [-2.971588, 53.1633225], [-2.9725351, 53.1633058], [-2.9742691, 53.1632039], [-2.9760436, 53.1629499], [-2.977878, 53.1626036], [-2.9834767, 53.1616597], [-2.9850033, 53.1614047], [-2.9865674, 53.161133], [-2.9896624, 53.1605975], [-2.9922079, 53.1602076], [-2.9933999, 53.1600785], [-2.9945968, 53.1599709], [-2.9967967, 53.1599022], [-2.9981263, 53.1599134], [-2.999446, 53.1599766], [-3.0007569, 53.1600787], [-3.0011801, 53.1601268], [-3.0020642, 53.1602274], [-3.0042592, 53.1605964], [-3.0061894, 53.1609793], [-3.0070313, 53.1611383], [-3.0076814, 53.1612664], [-3.0114864, 53.1620119], [-3.0125204, 53.1621731], [-3.0133923, 53.1622863], [-3.0159597, 53.1626041], [-3.0192998, 53.1628086], [-3.0209793, 53.1629901], [-3.0218218, 53.1630812], [-3.0243779, 53.1635073], [-3.0271045, 53.1641037], [-3.0298992, 53.1649217], [-3.0323934, 53.165853], [-3.0325264, 53.1659027]], [[-3.0621809, 53.1839289], [-3.0615953, 53.1827623], [-3.0607193, 53.1813114], [-3.059658, 53.1802029], [-3.0594874, 53.1800247], [-3.0584745, 53.1792309], [-3.0569225, 53.1783738], [-3.055463, 53.1777016], [-3.0552336, 53.1775959], [-3.0536284, 53.176903], [-3.0520244, 53.1761716], [-3.0494133, 53.1749329], [-3.0457971, 53.1730233], [-3.0438855, 53.1719863], [-3.0419248, 53.170945], [-3.0414049, 53.1706604]], [[-4.1741904, 53.2071954], [-4.1743566, 53.2072793], [-4.1744264, 53.207311], [-4.1745122, 53.2073364], [-4.1746076, 53.2073503], [-4.1747224, 53.2073526], [-4.1748407, 53.2073453], [-4.174967, 53.207324], [-4.1750685, 53.2072954], [-4.1751639, 53.2072534], [-4.1752487, 53.207205], [-4.1753097, 53.2071498], [-4.1753577, 53.2070862], [-4.1753924, 53.207029], [-4.1754235, 53.2069538], [-4.175441, 53.2068616], [-4.1754409, 53.2067546], [-4.175425, 53.2066354], [-4.1753916, 53.2065274]], [[-4.1774434, 53.2047538], [-4.1775007, 53.2048724], [-4.1775166, 53.2049467], [-4.1775219, 53.2050234], [-4.1775067, 53.205119], [-4.1774744, 53.2052222], [-4.1774172, 53.2053731], [-4.1773496, 53.2055104], [-4.1772572, 53.2056614], [-4.1771286, 53.2058274], [-4.1769546, 53.2060248], [-4.1768496, 53.206146], [-4.1767664, 53.2062597], [-4.1766902, 53.2063852], [-4.1766381, 53.206491], [-4.1766072, 53.2065881], [-4.1765795, 53.2066969], [-4.1765731, 53.2068056], [-4.176577, 53.2069134], [-4.1765951, 53.2070339], [-4.1766303, 53.2071594], [-4.1766798, 53.2072817], [-4.1767483, 53.2074231], [-4.1768381, 53.2075645], [-4.1769055, 53.2076624], [-4.1770894, 53.2080178]], [[-4.1765233, 53.2078889], [-4.1763947, 53.2078136], [-4.176196, 53.2077144], [-4.17599, 53.2076349], [-4.1757784, 53.2075791], [-4.175527, 53.2075288], [-4.1753111, 53.2075049], [-4.1751423, 53.2074947], [-4.1749933, 53.2074921]], [[-3.0677856, 53.1875189], [-3.0685085, 53.1875983], [-3.0687212, 53.1876217], [-3.0692744, 53.1876849], [-3.0703403, 53.1878697], [-3.0710303, 53.1880217], [-3.0721047, 53.1883307]], [[-3.0766071, 53.1905664], [-3.0756254, 53.1899822], [-3.0751009, 53.1896939], [-3.0749562, 53.1896144]], [[-3.9101223, 53.2761641], [-3.909981, 53.2761941], [-3.9098864, 53.2762207], [-3.9097865, 53.2762555], [-3.9096143, 53.2763263], [-3.9087467, 53.2767341], [-3.9076609, 53.2772507], [-3.9068079, 53.2776558], [-3.9062219, 53.2779327], [-3.9055138, 53.2782686], [-3.9045287, 53.2787352], [-3.9034482, 53.2792479], [-3.9023361, 53.2797793]], [[-3.9722318, 53.260403], [-3.9720501, 53.2604465], [-3.9719538, 53.260476], [-3.9718234, 53.2605267], [-3.9715698, 53.2606409], [-3.9706743, 53.2610721], [-3.9702252, 53.2612884], [-3.9698623, 53.261469]], [[-3.9723759, 53.2600581], [-3.9725048, 53.2600497], [-3.9726012, 53.2600397], [-3.972696, 53.260025], [-3.9728102, 53.2600015], [-3.9729536, 53.259964]], [[-4.0182843, 53.2348046], [-4.0185061, 53.2347435]], [[-4.1058072, 53.2054251], [-4.1052078, 53.2057931], [-4.1047806, 53.2060535], [-4.1042955, 53.2063306], [-4.1038741, 53.2065553], [-4.1033951, 53.2067967], [-4.1029245, 53.2070262], [-4.1025137, 53.2072062], [-4.1017186, 53.207543], [-4.1013787, 53.2076666], [-4.1008328, 53.2078629], [-4.100259, 53.2080519], [-4.0997659, 53.208205], [-4.0992356, 53.2083616], [-4.0986822, 53.2085126], [-4.0981922, 53.2086439], [-4.0970537, 53.2089427], [-4.0961432, 53.2091825], [-4.0956405, 53.2093135]], [[-4.1105732, 53.2026117], [-4.1109993, 53.2024199], [-4.1114576, 53.2022225], [-4.1120914, 53.2019495], [-4.1127202, 53.2016995], [-4.1135269, 53.2014006], [-4.1143035, 53.201124], [-4.1150206, 53.2008851], [-4.1157177, 53.2006685], [-4.1162354, 53.200519], [-4.1167288, 53.2003873], [-4.1171605, 53.2002762]], [[-4.1289783, 53.1996805], [-4.1284069, 53.1996158], [-4.1278323, 53.1995643], [-4.127181, 53.1995206], [-4.1266408, 53.1994917], [-4.1260053, 53.1994706], [-4.1253788, 53.1994555], [-4.1247121, 53.1994553], [-4.1240559, 53.1994709], [-4.1234795, 53.1994925], [-4.1228397, 53.1995251], [-4.1221567, 53.1995791], [-4.121452, 53.1996448], [-4.1209244, 53.1997064], [-4.120314, 53.1997849], [-4.1196558, 53.1998816], [-4.1190463, 53.199989], [-4.1184436, 53.2001036], [-4.1178981, 53.2002226], [-4.117378, 53.2003375]], [[-4.1726273, 53.2047353], [-4.1722678, 53.2046098], [-4.1718904, 53.2044887], [-4.1714405, 53.2043665], [-4.1708702, 53.20423], [-4.1703452, 53.2041325], [-4.1697714, 53.2040424], [-4.1691335, 53.2039758], [-4.1687495, 53.2039483], [-4.1682975, 53.2039291], [-4.1678947, 53.2039195], [-4.1674573, 53.2039233], [-4.1671118, 53.203935], [-4.1666993, 53.2039589], [-4.1663432, 53.2039877], [-4.165828, 53.2040403], [-4.1631754, 53.2043643], [-4.1616638, 53.2045449]], [[-4.1814861, 53.2130259], [-4.1811605, 53.2128327]], [[-4.1870665, 53.2169975], [-4.1856999, 53.2160304]], [[-4.1910055, 53.2244183], [-4.1897199, 53.2234696], [-4.1895054, 53.2232929], [-4.1893264, 53.2231331], [-4.1891414, 53.2229506], [-4.1890615, 53.2228554]], [[-4.1884159, 53.2179708], [-4.1887274, 53.2181572], [-4.1888282, 53.2182351], [-4.1889251, 53.218321], [-4.1890328, 53.2184253], [-4.1891051, 53.2185149], [-4.1891693, 53.2186026], [-4.1892426, 53.218726], [-4.1893, 53.2188494]], [[-4.2320279, 53.2238505], [-4.2327737, 53.2239023], [-4.2336362, 53.2239628], [-4.2346111, 53.2240164], [-4.2352039, 53.2240408], [-4.2359092, 53.2240707], [-4.2370949, 53.2241097], [-4.2375915, 53.224121], [-4.2390111, 53.2241466], [-4.2407272, 53.2241856], [-4.2420961, 53.2242131], [-4.2443031, 53.2242537], [-4.2460145, 53.2242859], [-4.2481271, 53.2243671], [-4.2498543, 53.2244821], [-4.2511398, 53.2245933], [-4.2520491, 53.2246826], [-4.2530534, 53.2248027], [-4.253886, 53.2249162], [-4.2549013, 53.2250573], [-4.2558804, 53.2252139], [-4.2575258, 53.2254932], [-4.2589822, 53.2257412], [-4.2601839, 53.2259427]], [[-4.4929036, 53.2718297], [-4.4934934, 53.2720486], [-4.4940031, 53.2722222], [-4.4952404, 53.2725936], [-4.4958487, 53.2727444], [-4.4965124, 53.2728915], [-4.4976714, 53.2730999], [-4.499576, 53.2733977], [-4.5010607, 53.2736229], [-4.5014129, 53.2736787], [-4.5041232, 53.2740991], [-4.505426, 53.2742664], [-4.5060841, 53.2743423], [-4.5067577, 53.2744024], [-4.5072374, 53.2744383], [-4.5080299, 53.2744869], [-4.5090024, 53.2745375], [-4.5095728, 53.2745709], [-4.5105801, 53.2746692], [-4.5113954, 53.2747776], [-4.5119597, 53.2748676], [-4.5125575, 53.2749877], [-4.513186, 53.2751236], [-4.5139996, 53.2753191]], [[-3.615227, 53.2889573], [-3.6161998, 53.2889576], [-3.6174449, 53.2889745], [-3.6186871, 53.2890057], [-3.6195631, 53.2890372], [-3.6206781, 53.2890891], [-3.6216944, 53.2891436], [-3.6226493, 53.2892143], [-3.6235705, 53.2893112], [-3.6243233, 53.2894125], [-3.6251055, 53.2895314], [-3.625895, 53.2896714], [-3.6265032, 53.2898011]], [[-3.4537623, 53.2606884], [-3.454883, 53.2604755], [-3.4561528, 53.2602729], [-3.4574282, 53.2601041], [-3.4586487, 53.2599648], [-3.4606879, 53.2598345], [-3.4615277, 53.2598135], [-3.4618696, 53.2598159], [-3.4627125, 53.2598219], [-3.4638687, 53.259837], [-3.4647712, 53.2598785], [-3.465513, 53.2599256], [-3.466471, 53.2600048], [-3.4673396, 53.2600926], [-3.467627, 53.2601348], [-3.4691024, 53.2603516]], [[-4.6318008, 53.3062597], [-4.6317285, 53.3062736], [-4.6316257, 53.3062867], [-4.6315368, 53.3062932]], [[-4.6314889, 53.3057981], [-4.6313085, 53.3056034], [-4.6310187, 53.3053268], [-4.6305972, 53.3049696], [-4.6304716, 53.3048577], [-4.6303871, 53.3048067], [-4.6303199, 53.3047768], [-4.6302735, 53.3047583], [-4.6301733, 53.3047224]], [[-4.6309749, 53.3051403], [-4.6312099, 53.3053416], [-4.6314649, 53.3055865], [-4.6316229, 53.305765]], [[-4.6298795, 53.3064352], [-4.6299784, 53.3065353], [-4.6300012, 53.3065644], [-4.6301088, 53.3066975], [-4.6302208, 53.3068536], [-4.6302675, 53.3069281], [-4.6303019, 53.3070027]], [[-4.5964761, 53.2930177], [-4.5990629, 53.293291], [-4.6005277, 53.2934408], [-4.6026005, 53.2936603], [-4.6049149, 53.2939261], [-4.6060337, 53.2940763], [-4.6072109, 53.294267], [-4.6084241, 53.2944992], [-4.6095122, 53.2947313], [-4.6104422, 53.2949568], [-4.611478, 53.2952328], [-4.612912, 53.2956436], [-4.6143389, 53.2960599]], [[-4.6297566, 53.3044158], [-4.6297167, 53.3042924], [-4.6296666, 53.3042134], [-4.6295702, 53.3041299]], [[-4.5883576, 53.2913254], [-4.5872052, 53.2909643], [-4.5858572, 53.2905418], [-4.5842557, 53.2900376]], [[-3.4512759, 53.2612867], [-3.4516443, 53.2611884], [-3.4519717, 53.261101], [-3.4523584, 53.2610053]], [[-3.4538085, 53.2607556], [-3.4530408, 53.2609185]], [[-3.548329, 53.274554], [-3.5454541, 53.2740966], [-3.5437941, 53.2738805], [-3.5433327, 53.273834], [-3.5422113, 53.2737184], [-3.539296, 53.2734763], [-3.5385181, 53.2734106], [-3.53542, 53.2731519], [-3.5330702, 53.2729411], [-3.5307088, 53.2726962], [-3.5283844, 53.2724127], [-3.5267198, 53.2721594], [-3.5257417, 53.2719641], [-3.5249791, 53.2717875], [-3.5240672, 53.2715402], [-3.5230361, 53.2712064], [-3.5219693, 53.2707304], [-3.5211907, 53.2703791], [-3.5197108, 53.2695722], [-3.5182347, 53.2686307], [-3.5174218, 53.2681484], [-3.5160787, 53.2675003], [-3.5151514, 53.2671424], [-3.5141796, 53.2668038], [-3.5125863, 53.2663823], [-3.5118585, 53.2662291], [-3.511272, 53.2661277], [-3.5107141, 53.2660408], [-3.5100148, 53.2659493], [-3.5092148, 53.2658701], [-3.5083887, 53.2658214], [-3.5075116, 53.2657941], [-3.5065487, 53.2657985]], [[-4.6234155, 53.2991576], [-4.6235354, 53.2992558], [-4.6239156, 53.2995759], [-4.6241405, 53.2997956], [-4.6245319, 53.3001898], [-4.6249256, 53.3005624], [-4.6254229, 53.3009837], [-4.6256487, 53.3012078]], [[-3.9439657, 53.2665215], [-3.9460702, 53.2662473], [-3.9486193, 53.2659482], [-3.9513873, 53.2656327], [-3.9517115, 53.2655972], [-3.9538243, 53.265366], [-3.9568811, 53.2650427]], [[-3.065307, 53.1875486], [-3.0636699, 53.187665], [-3.06303, 53.1877445], [-3.0628936, 53.1877774], [-3.0626569, 53.1878344], [-3.0624445, 53.1879142], [-3.0622526, 53.1880354], [-3.0621438, 53.188163], [-3.0620717, 53.1883166], [-3.0620639, 53.1884478], [-3.0620987, 53.1886005], [-3.0621965, 53.1887435], [-3.0623439, 53.188892], [-3.0625424, 53.1889817], [-3.0627302, 53.189036], [-3.0630204, 53.1890842], [-3.0632838, 53.1890938], [-3.0635311, 53.189063], [-3.0637891, 53.1889904], [-3.0640697, 53.1888416], [-3.064223, 53.1886959], [-3.0643194, 53.188531], [-3.0643862, 53.188334], [-3.0643846, 53.1880454], [-3.0642926, 53.1877166]], [[-4.2668228, 53.2268426], [-4.2659961, 53.2268208], [-4.264779, 53.2267613], [-4.2632466, 53.2267097], [-4.2621454, 53.2266572], [-4.2616505, 53.2266295], [-4.2612112, 53.2265965]], [[-4.1807236, 53.212286], [-4.1810477, 53.2125807], [-4.1812834, 53.2127868], [-4.1814861, 53.2130259]], [[-4.107304, 53.2040427], [-4.1075187, 53.2039617], [-4.1077715, 53.2038591], [-4.1080855, 53.2037184], [-4.1084817, 53.2035237], [-4.1089106, 53.2033139], [-4.1092412, 53.2031582], [-4.1096074, 53.2029933], [-4.1099735, 53.2028332], [-4.1105732, 53.2026117]], [[-4.3251358, 53.2390681], [-4.3247832, 53.238905], [-4.3237589, 53.2384223], [-4.3228469, 53.2380136], [-4.3219967, 53.2376622], [-4.3211142, 53.2373192], [-4.320103, 53.2369531], [-4.3187132, 53.2364871], [-4.3174705, 53.2361109], [-4.316105, 53.2357257], [-4.3148138, 53.2353587], [-4.3126883, 53.2347595], [-4.3111483, 53.2343288], [-4.3093414, 53.2338165], [-4.3075462, 53.2333108], [-4.3058586, 53.2328377]], [[-4.188645, 53.2208501], [-4.1886795, 53.2207517], [-4.1887151, 53.2206687], [-4.1887899, 53.2205222], [-4.1889057, 53.2203143], [-4.1890245, 53.2200999], [-4.1890924, 53.219968], [-4.1891462, 53.2198466], [-4.1891902, 53.2197244], [-4.1892166, 53.2196301], [-4.1892347, 53.2195147], [-4.1892422, 53.2193866], [-4.1892348, 53.2192434], [-4.1892154, 53.219107]], [[-4.1893, 53.2188494], [-4.1893549, 53.2189979], [-4.1893848, 53.2190979]], [[-4.5757595, 53.2863284], [-4.5753204, 53.2858568], [-4.5749752, 53.285412], [-4.5747017, 53.2849877], [-4.574153, 53.2838506], [-4.5738751, 53.2832918], [-4.5736111, 53.2828314], [-4.573283, 53.2823687], [-4.5729662, 53.2819713], [-4.5726319, 53.2815971], [-4.5722568, 53.281222], [-4.5718241, 53.28084], [-4.5714596, 53.2805505], [-4.5705878, 53.2799406], [-4.5702477, 53.2797366]], [[-4.481384, 53.2655233], [-4.4810783, 53.2654255]], [[-4.3059837, 53.2327484], [-4.306683, 53.2329462], [-4.3085444, 53.233471], [-4.311038, 53.2341745], [-4.3133599, 53.2348301], [-4.3163702, 53.235677], [-4.3178487, 53.2361013], [-4.3187977, 53.23639], [-4.3202432, 53.2368732], [-4.3212984, 53.2372635], [-4.322308, 53.237661], [-4.3230684, 53.2379773], [-4.323795, 53.2382973], [-4.3245477, 53.2386467], [-4.325245, 53.2389868]], [[-4.4812839, 53.2653396], [-4.4815933, 53.2654398]], [[-3.3818473, 53.2676214], [-3.3823035, 53.267282], [-3.3824644, 53.2671504]], [[-3.3832329, 53.2666379], [-3.3830585, 53.2668336], [-3.3827098, 53.2671623]], [[-3.9421049, 53.2666891], [-3.9422106, 53.2666972], [-3.9423111, 53.2667123], [-3.9423975, 53.2667288], [-3.9424658, 53.2667532]], [[-3.0640956, 53.1873276], [-3.0635112, 53.1863617], [-3.0628932, 53.1852302], [-3.0621809, 53.1839289]], [[-3.0642926, 53.1877166], [-3.0640956, 53.1873276]], [[-3.2027263, 53.2503261], [-3.200993, 53.2496597], [-3.1996278, 53.2491179], [-3.1980522, 53.2483456], [-3.1970351, 53.2477497], [-3.1961398, 53.2471364], [-3.1953113, 53.2464521], [-3.1947637, 53.2459696], [-3.1942628, 53.2454647], [-3.1932387, 53.2444649]], [[-3.2034762, 53.2506476], [-3.2027263, 53.2503261]], [[-3.202796, 53.2502368], [-3.203547, 53.2505579]], [[-4.6314913, 53.3062965], [-4.6314652, 53.306298], [-4.6309878, 53.306325], [-4.6305845, 53.3063478]], [[-4.6305845, 53.3063478], [-4.6302999, 53.3063608], [-4.630247, 53.3063625], [-4.6301361, 53.3063662], [-4.6300574, 53.3063756], [-4.6298795, 53.3064352]], [[-3.5826184, 53.2926608], [-3.583305, 53.2927682], [-3.5840064, 53.2928539], [-3.5852801, 53.292929], [-3.586319, 53.2929104], [-3.5871526, 53.2928553], [-3.5880055, 53.2927654], [-3.5894435, 53.2925017], [-3.5922259, 53.2917684], [-3.5938702, 53.2913683], [-3.5955093, 53.2909804], [-3.5971503, 53.290646], [-3.598759, 53.2903623], [-3.6001256, 53.2901225], [-3.6014912, 53.2899135], [-3.6022129, 53.2898223], [-3.6038946, 53.2896102], [-3.6053537, 53.2894583], [-3.606267, 53.2893722], [-3.6073454, 53.2892756], [-3.6081431, 53.2892085], [-3.6089553, 53.2891505], [-3.6094973, 53.2891231], [-3.6105095, 53.289065], [-3.6115306, 53.2890201], [-3.6126719, 53.2889818], [-3.613879, 53.2889651], [-3.615227, 53.2889573]], [[-3.5828833, 53.2928215], [-3.5820962, 53.2926821]], [[-3.5818191, 53.2925101], [-3.5826184, 53.2926608]], [[-3.5820962, 53.2926821], [-3.5814623, 53.2925502], [-3.5808299, 53.292384], [-3.5798599, 53.2920623], [-3.5788951, 53.2916715], [-3.5779322, 53.2911668], [-3.5772137, 53.2907258], [-3.576078, 53.289822], [-3.57406, 53.287939], [-3.5734565, 53.28738], [-3.571887, 53.285926], [-3.5709702, 53.2851208]], [[-4.1941727, 53.2265436], [-4.1938406, 53.2264138], [-4.1936231, 53.226319], [-4.1933133, 53.2261492], [-4.19296, 53.2259447], [-4.19262, 53.2257401], [-4.1923052, 53.2255297], [-4.1918879, 53.2252219], [-4.1914895, 53.2249269], [-4.1913567, 53.2248343], [-4.1913012, 53.224803], [-4.1912459, 53.2247928], [-4.1911749, 53.2247861], [-4.1910954, 53.2247877], [-4.1910268, 53.2247947], [-4.1909484, 53.224812], [-4.1908518, 53.2248416]], [[-4.1906263, 53.2242929], [-4.1902216, 53.2239926], [-4.1897071, 53.2236057], [-4.1894551, 53.2233947], [-4.1892785, 53.223221], [-4.1891182, 53.2230547], [-4.1889725, 53.2228829], [-4.1888582, 53.2227265], [-4.1887846, 53.22255], [-4.1887394, 53.2223759]], [[-4.6255148, 53.3012998], [-4.6251379, 53.3011176], [-4.6239614, 53.3004101], [-4.6232979, 53.2999879]], [[-4.2614021, 53.2259242], [-4.2622746, 53.2260791], [-4.2634169, 53.2262784], [-4.2641101, 53.2263941], [-4.2649955, 53.2265134], [-4.2655369, 53.2266172]], [[-4.253886, 53.2249162], [-4.2545011, 53.2249466], [-4.2551943, 53.225021], [-4.2557372, 53.2250729], [-4.2570684, 53.2251816], [-4.2577059, 53.2252416], [-4.2582824, 53.225304], [-4.2590177, 53.225401], [-4.2595688, 53.2254671]], [[-4.2594443, 53.2261687], [-4.2588329, 53.2260525], [-4.2582622, 53.2259339], [-4.2574651, 53.2257504], [-4.2567716, 53.2255825], [-4.2560478, 53.2254241], [-4.2552652, 53.2252779], [-4.2546983, 53.2251417]], [[-4.3187977, 53.23639], [-4.3192957, 53.2364959], [-4.3205105, 53.2368479], [-4.3213594, 53.2371131], [-4.3222906, 53.237421], [-4.323278, 53.2377652], [-4.3244896, 53.2382213]], [[-4.3261953, 53.2398336], [-4.3256607, 53.2396621], [-4.3255226, 53.2396213], [-4.3254255, 53.2396045], [-4.3253128, 53.2395963], [-4.3252118, 53.2396021], [-4.3251339, 53.2396115], [-4.3250357, 53.239627]], [[-4.3261506, 53.2387784], [-4.3261468, 53.2388531], [-4.3261515, 53.238902], [-4.3261776, 53.2389931], [-4.3262506, 53.2390843], [-4.3263259, 53.2391539], [-4.3264441, 53.2392271], [-4.3268082, 53.2394115]], [[-4.5484613, 53.2791035], [-4.5487545, 53.2789755], [-4.5488179, 53.2789354], [-4.5488564, 53.2788962]], [[-4.5493378, 53.2783493], [-4.5494812, 53.2783585], [-4.5496298, 53.2783669], [-4.5497341, 53.2783659], [-4.5498631, 53.2783459], [-4.5501905, 53.2782772]], [[-4.5540134, 53.2776555], [-4.553584, 53.2778136], [-4.5525841, 53.2781732], [-4.5521579, 53.2783491], [-4.5518249, 53.2784973], [-4.5513773, 53.2787412], [-4.5511457, 53.2788852]], [[-4.549856, 53.2795434], [-4.5496863, 53.2795344], [-4.5495381, 53.2795436], [-4.5493738, 53.2795701], [-4.5491799, 53.2796171]], [[-4.1893643, 53.2197382], [-4.1892945, 53.2199233], [-4.1892223, 53.2200808], [-4.1890976, 53.2203186], [-4.1889607, 53.2205655], [-4.1889065, 53.2206825], [-4.1888563, 53.2208007]], [[-4.1887619, 53.2210839], [-4.188722, 53.2212915], [-4.1887085, 53.2214705], [-4.1887251, 53.2217284], [-4.1887656, 53.2219449], [-4.1888462, 53.2222086], [-4.1889315, 53.2223787], [-4.1890345, 53.2225531], [-4.1891864, 53.2227647], [-4.1893795, 53.2229877], [-4.1896231, 53.2232155], [-4.1899498, 53.2234751], [-4.1903401, 53.2237674], [-4.1910889, 53.2243072]], [[-3.9973554, 53.2452062], [-3.9974176, 53.245019], [-3.9974156, 53.2449799], [-3.9973954, 53.2449373], [-3.9973597, 53.244902], [-3.9973188, 53.2448699], [-3.997178, 53.2447932]], [[-3.997178, 53.2447932], [-3.9973932, 53.2448022], [-3.9974649, 53.2448036], [-3.9975386, 53.2447958], [-3.9976185, 53.2447778], [-3.9976889, 53.2447511], [-3.9977435, 53.2447179], [-3.9981944, 53.2444111]], [[-3.0767549, 53.1904965], [-3.0783038, 53.1914629], [-3.0799384, 53.1923862], [-3.0827516, 53.1939343], [-3.0833087, 53.1941904], [-3.0845567, 53.1947692], [-3.086133, 53.1955001], [-3.0873497, 53.1959721], [-3.089778, 53.196914], [-3.0912665, 53.1974119]], [[-4.1888462, 53.2222086], [-4.1890711, 53.22247], [-4.1892055, 53.2226419], [-4.1893317, 53.2227845], [-4.1895025, 53.2229441], [-4.1898118, 53.2232001], [-4.1900874, 53.2234167], [-4.1906474, 53.2238436], [-4.1910686, 53.2241293], [-4.1911979, 53.2241997]], [[-4.1913713, 53.2243331], [-4.1914241, 53.2243601], [-4.1914578, 53.2243878], [-4.1915618, 53.2245015], [-4.1916957, 53.2246109], [-4.1923755, 53.2251093], [-4.1932094, 53.225734], [-4.1937257, 53.2260862], [-4.1941517, 53.2263899]], [[-4.618448, 53.2972517], [-4.6190481, 53.2973892], [-4.6200647, 53.2976877], [-4.6207004, 53.2979004], [-4.6213998, 53.2981554], [-4.6217826, 53.298313], [-4.6225477, 53.2986609], [-4.6226068, 53.2986842], [-4.6226681, 53.2987016], [-4.6227396, 53.2987134], [-4.6227973, 53.2987191], [-4.6229235, 53.2987249]], [[-3.9521611, 53.2664913], [-3.9520423, 53.26653], [-3.9518894, 53.2665888], [-3.9517312, 53.2666485], [-3.9515897, 53.26669], [-3.9514058, 53.2667358], [-3.9512317, 53.2667679], [-3.9510388, 53.2667927], [-3.9502559, 53.26688], [-3.9501107, 53.2668907], [-3.9499806, 53.2668971]], [[-3.9499806, 53.2668971], [-3.9497881, 53.2669043], [-3.9491637, 53.2669008]], [[-3.9469743, 53.2669352], [-3.9462876, 53.26691], [-3.945482, 53.2668839], [-3.9450653, 53.2668635], [-3.9446134, 53.2668382], [-3.9442291, 53.2668245]], [[-4.1751595, 53.2061175], [-4.1749298, 53.2059433]], [[-4.1770894, 53.2080178], [-4.178138, 53.2093238], [-4.1784899, 53.2097645]], [[-4.1750293, 53.2058487], [-4.1752576, 53.2060206]], [[-4.1535594, 53.2052584], [-4.153691, 53.2052602], [-4.1540532, 53.205257], [-4.1543815, 53.2052481], [-4.1548167, 53.205227], [-4.1552402, 53.2051964], [-4.1557296, 53.2051502], [-4.156298, 53.205085], [-4.156959, 53.205007], [-4.1580307, 53.2048745]], [[-4.1533275, 53.2052533], [-4.1535594, 53.2052584]], [[-4.1534269, 53.205362], [-4.1532077, 53.2053561]], [[-4.1754081, 53.20587], [-4.175527, 53.2059044], [-4.1756616, 53.2059306], [-4.1757803, 53.2059494], [-4.1759239, 53.2059623], [-4.176053, 53.2059624], [-4.1762016, 53.2059477], [-4.176378, 53.2059186], [-4.1765187, 53.2058818], [-4.1766646, 53.2058305], [-4.1767821, 53.2057763], [-4.1768797, 53.2057131], [-4.1769737, 53.2056435], [-4.1770393, 53.2055705], [-4.1770924, 53.2054943], [-4.177136, 53.2054109], [-4.1771576, 53.205332], [-4.1771687, 53.2052626], [-4.1771589, 53.205189]], [[-4.1584061, 53.2049386], [-4.1577971, 53.2050101]], [[-4.1586327, 53.2048015], [-4.1592301, 53.2047322], [-4.1615474, 53.2044523], [-4.1630936, 53.2042661], [-4.1641461, 53.2041393], [-4.1653137, 53.203996], [-4.1661471, 53.203903], [-4.1666374, 53.2038582], [-4.1671714, 53.2038265], [-4.1675124, 53.2038178], [-4.1678973, 53.203813], [-4.1683118, 53.20382], [-4.1687048, 53.2038385], [-4.1692499, 53.2038796], [-4.169804, 53.2039396], [-4.1703413, 53.2040217], [-4.1709099, 53.2041307], [-4.1714656, 53.2042573], [-4.1718838, 53.2043692], [-4.1722576, 53.2044843], [-4.1727225, 53.2046478]], [[-4.1577971, 53.2050101], [-4.1572989, 53.205073], [-4.1570174, 53.2051086], [-4.1563648, 53.2051894], [-4.1557546, 53.205258], [-4.1552385, 53.2053041], [-4.1547899, 53.2053338], [-4.154405, 53.2053517], [-4.1538777, 53.2053629], [-4.1534269, 53.205362]], [[-4.1580307, 53.2048745], [-4.1586327, 53.2048015]], [[-4.1171605, 53.2002762], [-4.1174531, 53.2002063]], [[-4.1174531, 53.2002063], [-4.1179255, 53.2000988], [-4.1183963, 53.2000013], [-4.119011, 53.1998849], [-4.1196304, 53.1997806], [-4.1202327, 53.1996877], [-4.1208611, 53.199604], [-4.1214432, 53.1995396], [-4.1221121, 53.1994741], [-4.1227679, 53.199426], [-4.1232516, 53.1994], [-4.1238785, 53.1993728], [-4.1245726, 53.1993544], [-4.1251396, 53.1993518], [-4.1257822, 53.1993559], [-4.1264274, 53.1993789], [-4.1270191, 53.1994081], [-4.1276761, 53.199451]], [[-4.117378, 53.2003375], [-4.1170882, 53.2004074]], [[-4.1170882, 53.2004074], [-4.1166509, 53.2005228], [-4.1162083, 53.2006434], [-4.1157991, 53.2007644], [-4.1150948, 53.2009848], [-4.1144633, 53.20119], [-4.1135405, 53.2015221], [-4.1127713, 53.2018123], [-4.112144, 53.2020582], [-4.1115549, 53.2023088], [-4.1109791, 53.2025657], [-4.1103664, 53.2028419]], [[-4.4502724, 53.2603563], [-4.4509147, 53.260523], [-4.4516885, 53.2607137], [-4.4523184, 53.2608482], [-4.4528463, 53.2609345], [-4.4532716, 53.2609906], [-4.4536808, 53.2610371]], [[-4.4534622, 53.2618303], [-4.452699, 53.2614974], [-4.4519495, 53.26121], [-4.4510046, 53.2608468], [-4.4505319, 53.2606216]], [[-4.0956405, 53.2093135], [-4.0936983, 53.2098257]], [[-4.0937092, 53.2097053], [-4.0956582, 53.2091924]], [[-4.0956582, 53.2091924], [-4.096306, 53.2090235], [-4.0972983, 53.2087633], [-4.0982851, 53.2085054], [-4.0989344, 53.2083286], [-4.0995635, 53.2081448], [-4.1001256, 53.2079725], [-4.1006785, 53.2077919], [-4.1011233, 53.2076384], [-4.1015526, 53.2074802], [-4.1019934, 53.2072958], [-4.102426, 53.207114], [-4.1028092, 53.20694], [-4.1033019, 53.206705], [-4.1037719, 53.2064692], [-4.1041633, 53.2062588], [-4.1046119, 53.206002], [-4.1050498, 53.2057424], [-4.1056814, 53.2053472]], [[-4.1603987, 53.2043383], [-4.1614261, 53.2042568], [-4.1629998, 53.2041393], [-4.1632872, 53.2041174]], [[-3.0721047, 53.1883307], [-3.0732843, 53.1887285], [-3.0743023, 53.189161]], [[-4.3055641, 53.2326329], [-4.3059837, 53.2327484]], [[-4.3058586, 53.2328377], [-4.3054399, 53.2327195]], [[-4.2601489, 53.2260421], [-4.2587612, 53.2258138], [-4.2575528, 53.2256076], [-4.2559046, 53.2253258], [-4.2546983, 53.2251417], [-4.2535351, 53.2249735], [-4.2522137, 53.2248116], [-4.2511675, 53.2247038], [-4.2497237, 53.2245785], [-4.2480973, 53.2244733], [-4.2464392, 53.2244072], [-4.2452043, 53.224377], [-4.2439115, 53.2243504], [-4.2427376, 53.224332], [-4.2418226, 53.2243106], [-4.2411051, 53.2242988], [-4.2383234, 53.2242421], [-4.2365867, 53.2242017], [-4.2356508, 53.224169], [-4.2344331, 53.2241143], [-4.2334495, 53.2240595], [-4.2319466, 53.223956]], [[-3.933242, 53.2684808], [-3.9324714, 53.2686344], [-3.9317794, 53.2687801], [-3.9310405, 53.2689442], [-3.930322, 53.2691118], [-3.9294416, 53.2693288], [-3.9283448, 53.2696082], [-3.9274224, 53.2698554], [-3.9266339, 53.2700736], [-3.9255836, 53.2703701], [-3.9245948, 53.2706584], [-3.9238254, 53.2708887], [-3.9231996, 53.2710854], [-3.9226046, 53.2712826], [-3.9221305, 53.2714561], [-3.9216209, 53.2716508], [-3.9210342, 53.2718893], [-3.9205197, 53.2721117], [-3.9199066, 53.2723886], [-3.9191905, 53.2727175], [-3.9181849, 53.2731738], [-3.9174079, 53.2735271], [-3.9170984, 53.2736647], [-3.9167673, 53.2738023]], [[-3.9390312, 53.2674627], [-3.9398373, 53.2673192], [-3.940511, 53.2671782], [-3.9417881, 53.2668889]], [[-3.9417881, 53.2668889], [-3.9420967, 53.2668223], [-3.9424658, 53.2667532]], [[-3.9423147, 53.2669202], [-3.9420803, 53.2669584], [-3.9418445, 53.2670002], [-3.9415223, 53.2670655], [-3.940016, 53.2673941], [-3.9390812, 53.2675663]], [[-3.8598586, 53.2871181], [-3.8602921, 53.2870299], [-3.8607084, 53.2869519], [-3.8612327, 53.2868566], [-3.8616773, 53.2867875], [-3.862185, 53.2867215], [-3.8626964, 53.2866646], [-3.8632107, 53.2866253], [-3.8637392, 53.2865983], [-3.864416, 53.2865725], [-3.8652059, 53.2865405], [-3.8660273, 53.286507], [-3.8669696, 53.2864786], [-3.8676332, 53.2864662], [-3.8684055, 53.286479], [-3.8690925, 53.2864908], [-3.8695619, 53.286505], [-3.8701925, 53.286526], [-3.870932, 53.2865642], [-3.8716114, 53.2866208], [-3.8719075, 53.2866513]], [[-3.8523331, 53.2889845], [-3.851961, 53.2890378], [-3.851452, 53.2891048], [-3.8508375, 53.2891731], [-3.8501674, 53.2892414], [-3.8494289, 53.2893097], [-3.8487293, 53.2893709], [-3.8478759, 53.2894336], [-3.8466575, 53.2895101], [-3.8459612, 53.2895433], [-3.8451699, 53.2895762], [-3.8445142, 53.2895986], [-3.8438918, 53.2896135], [-3.8431171, 53.2896254], [-3.8420702, 53.289634], [-3.8413412, 53.2896248], [-3.8403059, 53.2896072], [-3.8396933, 53.2895925], [-3.8390565, 53.2895679]], [[-3.8603461, 53.2871153], [-3.8596288, 53.2872637]], [[-3.8592052, 53.2872661], [-3.8598586, 53.2871181]], [[-3.888558, 53.2858988], [-3.8878949, 53.2861842], [-3.8874756, 53.286368], [-3.8865268, 53.2867807]], [[-3.8729911, 53.2869401], [-3.8724818, 53.2868641], [-3.8720219, 53.2868007]], [[-4.5589657, 53.2770558], [-4.5585834, 53.2770625]], [[-4.5138339, 53.2754577], [-4.5131682, 53.2752926], [-4.5126126, 53.2751695], [-4.5117745, 53.2750086], [-4.5109518, 53.2748882], [-4.5101312, 53.2747914], [-4.5095581, 53.2747404], [-4.5076109, 53.274607], [-4.5067645, 53.2745394], [-4.5060302, 53.2744681], [-4.5053928, 53.2743941], [-4.5040573, 53.2742095], [-4.5018268, 53.2738615], [-4.5006694, 53.2736813], [-4.4978825, 53.273257], [-4.4964586, 53.2730097], [-4.4958727, 53.272877], [-4.4952807, 53.2727332], [-4.49408, 53.2723797], [-4.4929805, 53.2719836], [-4.4928106, 53.2719136]], [[-4.5584775, 53.2769079], [-4.5588684, 53.276893]], [[-4.5836993, 53.2898636], [-4.5802213, 53.2887591], [-4.5796381, 53.2885682], [-4.5791011, 53.2883794], [-4.5783809, 53.2880727], [-4.5776979, 53.2877286], [-4.5771133, 53.2873922], [-4.5766199, 53.2870554], [-4.5762679, 53.2867857], [-4.5757595, 53.2863284]], [[-4.5759146, 53.2861951], [-4.5763785, 53.2866162], [-4.5768276, 53.2869586], [-4.5773156, 53.287292], [-4.5779506, 53.2876642], [-4.578544, 53.2879657], [-4.5789639, 53.2881572], [-4.5794331, 53.2883359], [-4.5801004, 53.2885751], [-4.5814177, 53.2890075], [-4.5837784, 53.2897681]], [[-4.5842557, 53.2900376], [-4.5836993, 53.2898636]], [[-4.5837784, 53.2897681], [-4.5843349, 53.2899432]], [[-4.5843349, 53.2899432], [-4.5863665, 53.2905746], [-4.5884303, 53.2912265]], [[-3.0739912, 53.1891646], [-3.0731727, 53.1888057], [-3.0721973, 53.1884857], [-3.0711128, 53.1881834], [-3.0703176, 53.1880023], [-3.0694593, 53.187848], [-3.0686868, 53.1877349]], [[-3.0751812, 53.1895819], [-3.0767549, 53.1904965]], [[-3.0749562, 53.1896144], [-3.0746365, 53.189452], [-3.0739912, 53.1891646]], [[-3.0743023, 53.189161], [-3.0748921, 53.1894379], [-3.0751812, 53.1895819]], [[-3.219575, 53.2602647], [-3.2245801, 53.2626163], [-3.2263809, 53.263498], [-3.2275853, 53.2640611]], [[-3.2516804, 53.2693482], [-3.2487575, 53.2691257], [-3.2475288, 53.2690113], [-3.2460938, 53.2688461], [-3.2445929, 53.2686417], [-3.2430919, 53.2683948], [-3.2414565, 53.2680706], [-3.2402034, 53.2677981], [-3.2374893, 53.2671728], [-3.2347622, 53.2665631], [-3.2340017, 53.2663762], [-3.2332262, 53.26617], [-3.2315377, 53.2656773], [-3.2303879, 53.2652875], [-3.2294588, 53.2649579], [-3.2289036, 53.2647477], [-3.228001, 53.264374]], [[-3.2718403, 53.2740356], [-3.2734507, 53.2743886], [-3.2748879, 53.2746364], [-3.2767032, 53.2748363], [-3.2776128, 53.2748908], [-3.2784969, 53.2749301], [-3.2799188, 53.2749439], [-3.2811873, 53.2749145], [-3.2858187, 53.2746672], [-3.2911756, 53.2742541], [-3.2971245, 53.2736798], [-3.3005946, 53.273415], [-3.3022459, 53.2733352], [-3.3027574, 53.2733101], [-3.3053963, 53.2732022], [-3.3075705, 53.2731721]], [[-3.6805449, 53.29365], [-3.6800788, 53.2936129], [-3.6788749, 53.2934817], [-3.6766111, 53.2930952], [-3.6736335, 53.2926494], [-3.6721211, 53.292462], [-3.6716253, 53.2924206]], [[-3.6811736, 53.2935747], [-3.6822331, 53.2935819], [-3.683086, 53.2935273], [-3.6844137, 53.2933878], [-3.6859731, 53.2930729]], [[-3.0686868, 53.1877349], [-3.0677942, 53.1876445], [-3.0665926, 53.1875647], [-3.0655757, 53.1875441], [-3.065307, 53.1875486]], [[-3.6398854, 53.2916969], [-3.6394144, 53.2917666], [-3.6388796, 53.2918248], [-3.6383257, 53.2918784], [-3.6380401, 53.2919035], [-3.6371076, 53.2919392], [-3.6364222, 53.291943], [-3.6356142, 53.2919216], [-3.635371, 53.2919065], [-3.6350195, 53.2918847], [-3.6343349, 53.2918195], [-3.6336201, 53.2917333], [-3.6329995, 53.2916379], [-3.6322934, 53.2915001], [-3.6316901, 53.2913614], [-3.6310272, 53.29119], [-3.6301703, 53.2909399], [-3.6291475, 53.2906472], [-3.6288483, 53.2905597], [-3.6281174, 53.290346], [-3.6274365, 53.2901666], [-3.6266863, 53.2899808]], [[-3.6404173, 53.2915024], [-3.6407602, 53.2914422]], [[-3.6404641, 53.2916044], [-3.6398854, 53.2916969]], [[-3.6398264, 53.2915912], [-3.6404173, 53.2915024]], [[-3.9736181, 53.2598912], [-3.9733155, 53.2599777]], [[-3.9729536, 53.259964], [-3.9734521, 53.2598225]], [[-3.9799194, 53.2579052], [-3.9804255, 53.2577296]], [[-3.9842825, 53.2560877], [-3.9846609, 53.2558996], [-3.9850554, 53.2556988], [-3.9857181, 53.25536], [-3.9863987, 53.2549962], [-3.9869612, 53.2546816], [-3.9874661, 53.2543896], [-3.9880195, 53.2540586], [-3.9885918, 53.2537062], [-3.9891202, 53.2533666], [-3.9895772, 53.2530678], [-3.9900664, 53.2527315], [-3.9905144, 53.2524066], [-3.9909179, 53.2520942], [-3.9913254, 53.251763], [-3.9916826, 53.251454], [-3.9920532, 53.2511167], [-3.9923805, 53.2507993], [-3.9927137, 53.2504558], [-3.9930562, 53.2500807], [-3.993415, 53.2496777], [-3.9937336, 53.2493141], [-3.9942318, 53.2487483], [-3.9945363, 53.248397], [-3.9949071, 53.2479628], [-3.995096, 53.2477364]], [[-3.9787955, 53.2583941], [-3.9781391, 53.2585942], [-3.9771361, 53.2588894], [-3.9762202, 53.2591508], [-3.9753177, 53.2594084], [-3.9744877, 53.2596429], [-3.974125, 53.259748]], [[-3.9740558, 53.2596502], [-3.9744362, 53.2595401], [-3.9752314, 53.2593116], [-3.976147, 53.259051], [-3.9770765, 53.2587876], [-3.978054, 53.2585034], [-3.9787514, 53.2582903], [-3.9793212, 53.258107], [-3.9799194, 53.2579052]], [[-3.9804879, 53.2578293], [-3.9799846, 53.2580055]], [[-3.973142, 53.2600279], [-3.9729337, 53.2600884], [-3.9728136, 53.2601288], [-3.9727203, 53.2601662], [-3.9726616, 53.2601946], [-3.9725894, 53.2602371]], [[-3.9587429, 53.2648901], [-3.9584343, 53.2649836], [-3.9580847, 53.265101], [-3.957758, 53.2652177], [-3.9573162, 53.2653757], [-3.9570374, 53.2654742], [-3.9568064, 53.2655487], [-3.9566549, 53.2655931], [-3.9565223, 53.2656266], [-3.9563754, 53.2656592]], [[-3.9688144, 53.2619889], [-3.9683609, 53.262214], [-3.9679908, 53.2623909], [-3.9676167, 53.2625557], [-3.9672553, 53.2627096], [-3.9669119, 53.262851], [-3.966471, 53.2630179], [-3.9660531, 53.2631585], [-3.9656494, 53.2632845], [-3.9652205, 53.2634107], [-3.964772, 53.2635297], [-3.9643277, 53.2636378], [-3.9633123, 53.2638633], [-3.9618401, 53.2641863], [-3.9607228, 53.2644298], [-3.9594987, 53.2646954], [-3.9591499, 53.2647798], [-3.9589373, 53.2648345], [-3.9587429, 53.2648901]], [[-3.9424658, 53.2667532], [-3.9427406, 53.2667038], [-3.9430295, 53.2666567]], [[-4.0204478, 53.2343195], [-4.0200327, 53.234492], [-4.0199849, 53.2345196], [-4.0199566, 53.2345442], [-4.0199348, 53.2345781], [-4.0199211, 53.2346192], [-4.0199201, 53.2346601], [-4.0199272, 53.2346881], [-4.0200116, 53.2347901]], [[-4.0200116, 53.2347901], [-4.0198247, 53.2347113], [-4.0197661, 53.2346894], [-4.0197008, 53.2346723], [-4.0196315, 53.2346627], [-4.0195406, 53.2346594], [-4.019455, 53.2346628], [-4.01888, 53.2347601]], [[-4.0166145, 53.2349413], [-4.0167183, 53.2350082], [-4.0167685, 53.2350309], [-4.0168383, 53.2350538], [-4.0169108, 53.2350654], [-4.0169859, 53.235066], [-4.0170451, 53.2350612], [-4.0178138, 53.234928]], [[-4.0160983, 53.2353921], [-4.0165021, 53.2352213], [-4.0165447, 53.2351941], [-4.0165754, 53.235167], [-4.0165968, 53.2351327], [-4.0166129, 53.2350866], [-4.0166168, 53.235047], [-4.0166145, 53.2349413]], [[-4.0006362, 53.2431411], [-4.0004649, 53.2430947], [-4.000394, 53.2430871], [-4.0003125, 53.2430859], [-4.0002427, 53.2430934], [-4.0001688, 53.2431092], [-4.0000991, 53.243135], [-3.9999658, 53.2432112], [-3.9994931, 53.2434954]], [[-4.0610463, 53.2217191], [-4.0605552, 53.2213429], [-4.0605103, 53.2213014]], [[-4.0604324, 53.2223753], [-4.0609684, 53.2220593], [-4.0610262, 53.222017], [-4.0610643, 53.2219802], [-4.0610917, 53.2219379], [-4.0611042, 53.2218913], [-4.0611061, 53.2218504], [-4.0610956, 53.2218159], [-4.0610463, 53.2217191]], [[-4.0610463, 53.2217191], [-4.0611838, 53.2217707], [-4.0612654, 53.2217908], [-4.0613661, 53.2217989], [-4.0614507, 53.2217941], [-4.0615442, 53.2217704], [-4.0621676, 53.2215466]], [[-4.1750983, 53.2061753], [-4.1748755, 53.205995]], [[-4.4555122, 53.261279], [-4.4559345, 53.2614422], [-4.4565204, 53.2616482], [-4.4570742, 53.2618093], [-4.4575966, 53.2619439], [-4.4581685, 53.2620721], [-4.4587136, 53.2621795], [-4.4593345, 53.2622872], [-4.4600627, 53.2624333]], [[-4.5127344, 53.2754686], [-4.5124618, 53.2753375], [-4.5121071, 53.2752098], [-4.511651, 53.2750987], [-4.5108739, 53.2749485], [-4.5103819, 53.2748713], [-4.5095581, 53.2747404]], [[-4.3245242, 53.2394217], [-4.3245315, 53.2393305], [-4.3245249, 53.2392572], [-4.3245101, 53.2391843], [-4.3244661, 53.2391026], [-4.3243657, 53.2390132], [-4.3240302, 53.2387971]], [[-4.191063, 53.2246206], [-4.1910243, 53.2245931], [-4.190967, 53.2245712], [-4.1909156, 53.224554], [-4.1908682, 53.2245263]], [[-4.1887175, 53.2210232], [-4.1886457, 53.2210109], [-4.1885739, 53.2209985], [-4.1885105, 53.2209775]], [[-3.3983703, 53.2607695], [-3.3972964, 53.2606537], [-3.3966904, 53.2606175], [-3.3960184, 53.2605885]], [[-3.7074802, 53.2929379], [-3.7079034, 53.2929661]], [[-3.7079034, 53.2929661], [-3.7087678, 53.2930143], [-3.710068, 53.2931512], [-3.7117657, 53.2934022], [-3.71341, 53.2937085]], [[-3.7074569, 53.2930268], [-3.7055496, 53.2929679], [-3.702167, 53.2929002], [-3.6973582, 53.2928041]], [[-3.7078936, 53.2930512], [-3.7074569, 53.2930268]], [[-3.7321036, 53.2989168], [-3.7314958, 53.2987382]], [[-3.7315628, 53.2986588], [-3.7321691, 53.2988344]], [[-3.7314958, 53.2987382], [-3.7308448, 53.2985507], [-3.729065, 53.2979092], [-3.7282744, 53.2975787], [-3.7277412, 53.2973089], [-3.7263532, 53.2965807]], [[-4.1774632, 53.208738], [-4.1770728, 53.2082432], [-4.1767236, 53.2078105], [-4.1764023, 53.2074086], [-4.1761908, 53.2071498], [-4.175977, 53.2068924], [-4.1757447, 53.2066394], [-4.1755706, 53.2064736]], [[-3.382086, 53.2676487], [-3.381713, 53.2679272], [-3.3810388, 53.268306], [-3.3800487, 53.2687414], [-3.3774641, 53.2695091], [-3.376463, 53.269855], [-3.3754947, 53.2702416], [-3.3727904, 53.2715433], [-3.371546, 53.2720363], [-3.3701508, 53.2724704], [-3.3692976, 53.2727016], [-3.3684452, 53.2729001], [-3.3666852, 53.2732677]], [[-3.5137799, 53.2665569], [-3.514885, 53.2668748], [-3.515754, 53.2672213], [-3.5164804, 53.2675072], [-3.5174671, 53.268016], [-3.5182539, 53.2684597], [-3.5196427, 53.2693545], [-3.5200476, 53.269579], [-3.5216978, 53.2704937], [-3.5232106, 53.2711225], [-3.5243156, 53.2714818], [-3.525807, 53.2718668], [-3.5270622, 53.2721106], [-3.5288148, 53.272364], [-3.5322813, 53.2727561], [-3.5350469, 53.2730074], [-3.5376015, 53.2732194], [-3.5400388, 53.2734217], [-3.5437509, 53.2737563], [-3.5467014, 53.2741537], [-3.5481245, 53.2744139], [-3.54956, 53.274732], [-3.5507553, 53.2749858], [-3.5523528, 53.2753724], [-3.5536827, 53.2757544], [-3.554954, 53.276163], [-3.5574609, 53.2770458], [-3.5586602, 53.27753], [-3.559812, 53.278047], [-3.5602231, 53.2782414], [-3.5611057, 53.2786588], [-3.562386, 53.2793], [-3.5628571, 53.2795548], [-3.5637476, 53.2800364], [-3.565061, 53.280784], [-3.5651654, 53.2808468], [-3.5657967, 53.281251], [-3.567796, 53.282531], [-3.5697766, 53.2839678]], [[-4.5095728, 53.2745709], [-4.510372, 53.2745927], [-4.5113534, 53.2746557], [-4.5118285, 53.2747003], [-4.5122557, 53.2747524], [-4.5127312, 53.2748308], [-4.513079, 53.2748858], [-4.5132652, 53.2749053], [-4.5134801, 53.2749248]], [[-4.6221466, 53.2994742], [-4.6220818, 53.299316], [-4.6220228, 53.2992418], [-4.6219198, 53.2991624], [-4.6208336, 53.2985269], [-4.6202142, 53.2981953], [-4.6198254, 53.2980128], [-4.6193612, 53.2978121], [-4.6188792, 53.2976252], [-4.6184681, 53.2974863], [-4.6168812, 53.2969659], [-4.6162635, 53.2967342]], [[-4.5704805, 53.2796708], [-4.5709075, 53.2799421], [-4.5713013, 53.2802195], [-4.5718091, 53.2805994], [-4.5722154, 53.2809512], [-4.5727292, 53.2814353], [-4.5730683, 53.2818065], [-4.5734525, 53.2822754], [-4.5737894, 53.2827246], [-4.5739436, 53.2829875], [-4.5741814, 53.2834111], [-4.5746722, 53.2844309], [-4.5748948, 53.2848413], [-4.5751208, 53.2852215], [-4.5753757, 53.2855829], [-4.5756187, 53.2858753], [-4.5759146, 53.2861951]], [[-4.5151745, 53.2751437], [-4.5152089, 53.2752223], [-4.5152623, 53.2752875], [-4.5153592, 53.2753506], [-4.5154573, 53.2754003], [-4.5155794, 53.2754563]], [[-4.514924, 53.2759436], [-4.5147251, 53.2759232], [-4.5145329, 53.2759136], [-4.5143912, 53.2759152], [-4.5143024, 53.2759265], [-4.514244, 53.2759385], [-4.5141953, 53.2759545]], [[-4.4552504, 53.2621948], [-4.4550162, 53.2621799], [-4.4548488, 53.2621776], [-4.4546645, 53.2621984], [-4.4545549, 53.2622225], [-4.4544606, 53.262242]], [[-4.189516, 53.2199894], [-4.1894905, 53.2201788]], [[-4.1893, 53.2188494], [-4.1893748, 53.2189523], [-4.1894086, 53.2190113], [-4.1894489, 53.2190921]], [[-4.1894905, 53.2201788], [-4.1894674, 53.2202802], [-4.1894761, 53.2204039], [-4.1895012, 53.2206582], [-4.1894976, 53.220686], [-4.1894837, 53.2207143]], [[-4.1894905, 53.2201788], [-4.1895365, 53.2202871], [-4.1895802, 53.2203512], [-4.1896446, 53.2204081], [-4.1897098, 53.2204439], [-4.189801, 53.2204739], [-4.1899261, 53.2204974]], [[-4.1880122, 53.2211389], [-4.1881078, 53.2210502], [-4.1881658, 53.2209769], [-4.1882116, 53.2209084], [-4.188253, 53.220834], [-4.1883255, 53.2207467]], [[-4.2166525, 53.2221977], [-4.2165837, 53.2220979], [-4.2165469, 53.2220643], [-4.216522, 53.2220417], [-4.216428, 53.2219886], [-4.216341, 53.2219479]], [[-4.2166525, 53.2221977], [-4.2166807, 53.2221034], [-4.2166884, 53.2220725], [-4.2167035, 53.2220124], [-4.2167086, 53.221972]], [[-4.2165964, 53.2223245], [-4.2166254, 53.222285], [-4.2166439, 53.2222393], [-4.2166525, 53.2221977]], [[-4.2139712, 53.2231299], [-4.2143688, 53.2229586], [-4.2149366, 53.2227902], [-4.2153433, 53.2226749], [-4.2159256, 53.2225411], [-4.2163361, 53.2224469]], [[-3.1930007, 53.2442677], [-3.1922818, 53.2437031], [-3.1914974, 53.2431518], [-3.1905254, 53.2424799], [-3.1895781, 53.2418187], [-3.187505, 53.2403889], [-3.1867115, 53.2398201], [-3.1859294, 53.2392271], [-3.1840785, 53.2377525], [-3.1815296, 53.2358062], [-3.1796005, 53.2343917], [-3.1771256, 53.2325685], [-3.1700617, 53.2282938], [-3.1696088, 53.2280329], [-3.1678168, 53.2270009], [-3.1676478, 53.2269036], [-3.1674226, 53.2267666], [-3.1660409, 53.2259503]], [[-3.193136, 53.2442126], [-3.1933769, 53.2443974]], [[-3.1932387, 53.2444649], [-3.1930007, 53.2442677]], [[-3.1933769, 53.2443974], [-3.1951592, 53.2461492], [-3.1953644, 53.2463143]], [[-3.8468964, 53.2894067], [-3.8480207, 53.2892741], [-3.8483911, 53.2892328], [-3.8487613, 53.2891855], [-3.8497997, 53.2890301], [-3.8508702, 53.2888628]], [[-3.7929364, 53.2799628], [-3.7945581, 53.2798211], [-3.7955429, 53.2797438], [-3.7962788, 53.2796913], [-3.7973989, 53.2796319], [-3.7974678, 53.2796297]], [[-3.7895411, 53.2804754], [-3.7883093, 53.2806721], [-3.7860436, 53.2811242]], [[-3.9965077, 53.2445497], [-3.9965532, 53.2445709], [-3.9966797, 53.2446299], [-3.9968043, 53.2446805], [-3.9969669, 53.2447343], [-3.997178, 53.2447932]], [[-4.0672165, 53.2194987], [-4.0670037, 53.2194281], [-4.0669092, 53.2194175], [-4.0667952, 53.2194242], [-4.066675, 53.2194483], [-4.06603, 53.2196965]], [[-4.0676889, 53.2188407], [-4.0673501, 53.2190834], [-4.0672447, 53.2191447], [-4.0672048, 53.2191748], [-4.0671757, 53.2192067], [-4.0671457, 53.2192519], [-4.0671327, 53.2192972], [-4.0671329, 53.2193403], [-4.0671455, 53.2193834], [-4.0672165, 53.2194987]], [[-4.0006666, 53.2426075], [-4.0004774, 53.2428239], [-4.0004531, 53.2428745], [-4.0004533, 53.2429178], [-4.0004695, 53.242961], [-4.0005003, 53.2430003], [-4.000547, 53.2430416], [-4.0006362, 53.2431411]], [[-4.0765815, 53.2147409], [-4.0757747, 53.2150415], [-4.0748844, 53.21539], [-4.0742982, 53.2156352], [-4.0736382, 53.2159064], [-4.0731438, 53.2161267], [-4.0723973, 53.216465], [-4.0716646, 53.2168101], [-4.0711343, 53.2170691], [-4.070161, 53.2175689], [-4.0694763, 53.2179225], [-4.0688472, 53.2182423], [-4.0676889, 53.2188407], [-4.06603, 53.2196965]], [[-3.8575143, 53.287816], [-3.8566839, 53.2881288], [-3.8560557, 53.2883305], [-3.8556657, 53.2884662], [-3.8552564, 53.2886072], [-3.8549331, 53.2887103], [-3.8545657, 53.2888166], [-3.854321, 53.2888793], [-3.8540975, 53.2889315]], [[-3.8390777, 53.2894804], [-3.8397116, 53.2895018], [-3.840274, 53.2895149], [-3.8413403, 53.289535], [-3.8420678, 53.2895391], [-3.8431221, 53.2895332], [-3.8438952, 53.2895238], [-3.8444954, 53.2895115], [-3.845211, 53.2894868], [-3.8459664, 53.2894526], [-3.8468964, 53.2894067], [-3.8479202, 53.2893416], [-3.848708, 53.2892829], [-3.8493382, 53.2892255], [-3.8501562, 53.2891502], [-3.8507983, 53.2890837], [-3.8514152, 53.2890161], [-3.851949, 53.2889485], [-3.852296, 53.2888995]], [[-3.8992115, 53.2810939], [-3.8992356, 53.280977], [-3.8992437, 53.2809462]], [[-3.8748704, 53.2870442], [-3.8766287, 53.2872307], [-3.8781062, 53.287312], [-3.8794502, 53.2873096], [-3.8810941, 53.2872329], [-3.8827303, 53.2870436], [-3.8844227, 53.2867696]], [[-3.8908368, 53.2846148], [-3.8911761, 53.2844231], [-3.8912384, 53.2843815], [-3.8912957, 53.2843371], [-3.8913421, 53.2842898], [-3.891382, 53.2842384], [-3.8914098, 53.284187], [-3.8915113, 53.2839629], [-3.8916271, 53.2837794]], [[-3.8844227, 53.2867696], [-3.8846383, 53.2867264], [-3.8848478, 53.2866817], [-3.885138, 53.2866147], [-3.885457, 53.2865363], [-3.885818, 53.286445], [-3.8862139, 53.2863345], [-3.8865694, 53.2862286], [-3.8869249, 53.2861201], [-3.8873507, 53.2859798]], [[-3.8916271, 53.2837794], [-3.8916646, 53.2839625], [-3.8916901, 53.2840034], [-3.891724, 53.2840353], [-3.8917642, 53.2840596], [-3.8918176, 53.2840814], [-3.8918833, 53.2840957], [-3.8919462, 53.2841049], [-3.8920019, 53.2841112], [-3.8920865, 53.2841189]], [[-3.8821315, 53.2886144], [-3.8819917, 53.2887056], [-3.8818013, 53.2888235], [-3.8816411, 53.2889044], [-3.8814784, 53.2889705], [-3.8812133, 53.2890579], [-3.8808521, 53.2891689], [-3.8806127, 53.2892266], [-3.8804522, 53.2892532], [-3.8803126, 53.2892614], [-3.8801974, 53.289259], [-3.8799457, 53.2892423], [-3.8797253, 53.2892209], [-3.8795164, 53.2891888], [-3.8793646, 53.2891551], [-3.8792085, 53.2891057], [-3.8790805, 53.2890594], [-3.8788991, 53.2890109], [-3.8786117, 53.2889477], [-3.8784391, 53.2889059], [-3.8782799, 53.2888489], [-3.8781948, 53.2888102], [-3.8779708, 53.2886977], [-3.8777519, 53.2885882], [-3.8775785, 53.2885115], [-3.8773108, 53.2884054], [-3.8771797, 53.2883513], [-3.8770811, 53.2882974], [-3.8770144, 53.2882497], [-3.8767409, 53.2880133], [-3.8766051, 53.2879077], [-3.8764806, 53.2878289], [-3.8763356, 53.2877501], [-3.8758967, 53.2875317]], [[-3.9102348, 53.2757617], [-3.9103945, 53.2757425], [-3.9104713, 53.2757281], [-3.9105715, 53.2757009], [-3.9106495, 53.2756731], [-3.9107615, 53.2756278], [-3.9110362, 53.2755018], [-3.9115086, 53.2752749], [-3.9119419, 53.2750793], [-3.9123077, 53.2749296], [-3.9126728, 53.2747979], [-3.9130609, 53.2746753], [-3.913399, 53.2745811], [-3.9138079, 53.2744811], [-3.9144577, 53.2743357], [-3.9153117, 53.2741311], [-3.9156634, 53.2740419], [-3.9159658, 53.2739499], [-3.9163072, 53.2738323], [-3.9166705, 53.273701], [-3.9169644, 53.2735892], [-3.9172738, 53.2734537], [-3.9180646, 53.2730953], [-3.9190787, 53.2726328], [-3.9197551, 53.272321], [-3.9204178, 53.2720218], [-3.920907, 53.2718105], [-3.9215396, 53.2715559], [-3.922051, 53.2713617], [-3.9225461, 53.2711815], [-3.9231064, 53.2709955], [-3.9237521, 53.2707923], [-3.9244836, 53.2705723], [-3.9255314, 53.2702667], [-3.9265403, 53.2699805], [-3.927396, 53.2697482], [-3.9282816, 53.2695117], [-3.9293039, 53.2692475], [-3.9298904, 53.2691029], [-3.9302559, 53.2690135], [-3.9309835, 53.2688419], [-3.9317181, 53.2686797], [-3.9324068, 53.2685331], [-3.9330888, 53.2683947]], [[-3.9381757, 53.2676973], [-3.9373894, 53.2678555], [-3.9368352, 53.2679548], [-3.9363696, 53.2680449], [-3.9359971, 53.2681218], [-3.9357667, 53.2681736], [-3.9356703, 53.2681995], [-3.9356137, 53.2682246], [-3.9355686, 53.2682515], [-3.9355212, 53.2682877], [-3.9353933, 53.2683388]], [[-3.9571664, 53.2650139], [-3.9575917, 53.2649522], [-3.9579386, 53.264893], [-3.958361, 53.2648096], [-3.9588168, 53.2647134], [-3.9594103, 53.2645833], [-3.9597447, 53.2645107]], [[-3.3075705, 53.2731721], [-3.3111534, 53.2729942], [-3.3122873, 53.2729244], [-3.3135686, 53.2728038], [-3.3154623, 53.2725647], [-3.3184529, 53.2720931]], [[-3.3287931, 53.2713584], [-3.3267144, 53.2715017], [-3.3237897, 53.2717012], [-3.3227857, 53.2717697], [-3.3206679, 53.2719602], [-3.3199973, 53.2720205], [-3.3181138, 53.2722481], [-3.3160549, 53.2725877], [-3.3145487, 53.2727983], [-3.3133778, 53.2729218], [-3.3111819, 53.2731119], [-3.308033, 53.2732765], [-3.305008, 53.2733256], [-3.303614, 53.2733816], [-3.3028705, 53.2734168], [-3.3005936, 53.2735246], [-3.2971421, 53.2737823], [-3.2962416, 53.2738675], [-3.2905069, 53.2744104], [-3.2868245, 53.2747177], [-3.2846981, 53.2748591], [-3.2819724, 53.2749808], [-3.2802871, 53.2750384], [-3.2787929, 53.2750409], [-3.2776347, 53.2749874], [-3.2760742, 53.2748722], [-3.2744128, 53.2746422], [-3.2736241, 53.2745085], [-3.2722993, 53.2742438], [-3.270923, 53.273877], [-3.26845, 53.2731611], [-3.2654912, 53.2723261], [-3.2611444, 53.2711717], [-3.2577299, 53.2703289], [-3.2566629, 53.2700986], [-3.2558054, 53.2699196], [-3.2548502, 53.2697547], [-3.2537594, 53.2695811], [-3.2526374, 53.2694451], [-3.2516804, 53.2693482]], [[-3.3830125, 53.2665825], [-3.3832861, 53.2661807], [-3.3834994, 53.2658204], [-3.3837306, 53.2653337], [-3.3839838, 53.2647206], [-3.3842174, 53.2642316], [-3.3844287, 53.2638802], [-3.3847372, 53.2634747], [-3.3850253, 53.2631701], [-3.3853335, 53.2628868], [-3.3857535, 53.2625679], [-3.3862379, 53.2622704]], [[-3.3960184, 53.2605885], [-3.3956561, 53.2605857], [-3.3948122, 53.2605792], [-3.3938494, 53.2606065], [-3.3929354, 53.2606678], [-3.3920143, 53.2607689], [-3.3910798, 53.260899], [-3.3901872, 53.2610727], [-3.3893517, 53.2612497], [-3.3886511, 53.261439], [-3.3879113, 53.2616782], [-3.3872655, 53.2619393], [-3.3869832, 53.2620738]], [[-3.451328, 53.2613597], [-3.449692, 53.2618649]], [[-3.3862969, 53.262431], [-3.3858495, 53.2627208], [-3.3854563, 53.2630341], [-3.3850003, 53.2634849], [-3.3847203, 53.2638372], [-3.3844738, 53.2642256], [-3.3842118, 53.2647148], [-3.3840101, 53.2651622], [-3.3838411, 53.2655942], [-3.3837201, 53.2658509], [-3.383544, 53.2661823], [-3.3832329, 53.2666379]], [[-3.3869832, 53.2620738], [-3.3862969, 53.262431]], [[-3.3868371, 53.2619427], [-3.3872443, 53.2617652], [-3.3878301, 53.2615488], [-3.3885524, 53.2613242], [-3.3892886, 53.2611299], [-3.3901877, 53.2609351], [-3.3913027, 53.260735], [-3.3921889, 53.2606142], [-3.3931988, 53.2605282], [-3.3940957, 53.2604769], [-3.3951793, 53.2604534], [-3.3959784, 53.2604807], [-3.3966631, 53.2605088], [-3.3973476, 53.2605558], [-3.3978762, 53.2606066], [-3.3983864, 53.2606667], [-3.3988998, 53.2607336], [-3.3994164, 53.2608136], [-3.3998456, 53.2608875], [-3.4008311, 53.2610775], [-3.4016752, 53.2612478], [-3.4026361, 53.2614177], [-3.403691, 53.2616203], [-3.4046926, 53.2618018], [-3.406068, 53.2620388], [-3.408245, 53.2623733], [-3.4092505, 53.2625136], [-3.4099117, 53.2625972], [-3.4108799, 53.2626706], [-3.4125457, 53.2627761], [-3.4136604, 53.2628236], [-3.4138983, 53.2628293], [-3.4166766, 53.2628955], [-3.4180526, 53.2629069], [-3.4196107, 53.2629036], [-3.421954, 53.2628611], [-3.4242691, 53.2627754], [-3.426899, 53.2626961], [-3.4286571, 53.2626707], [-3.4307086, 53.2626832]], [[-3.3862379, 53.2622704], [-3.3868371, 53.2619427]], [[-3.5709702, 53.2851208], [-3.5706478, 53.2848518]], [[-3.569596, 53.28403], [-3.567299, 53.282375], [-3.566858, 53.282098], [-3.5652729, 53.2810755], [-3.5627419, 53.2796567], [-3.5619918, 53.2792363], [-3.560452, 53.2784598], [-3.559997, 53.2782598], [-3.5593852, 53.2779908], [-3.5577606, 53.2773106], [-3.556065, 53.2766654], [-3.553894, 53.2759453], [-3.5511367, 53.2751979], [-3.548329, 53.274554]], [[-3.571133, 53.2850602], [-3.571815, 53.28564], [-3.5737021, 53.2873591], [-3.573875, 53.287509], [-3.575988, 53.289458], [-3.577437, 53.290677], [-3.5781537, 53.2911385], [-3.578969, 53.291556], [-3.5800277, 53.2919838], [-3.5811831, 53.292352], [-3.5818191, 53.2925101]], [[-3.5697766, 53.2839678], [-3.5700298, 53.2841674]], [[-3.6453853, 53.290784], [-3.6457729, 53.2907641], [-3.6461085, 53.2907469]], [[-3.7263532, 53.2965807], [-3.7259746, 53.2964296], [-3.7253405, 53.2961855]], [[-3.6461135, 53.2908375], [-3.6454005, 53.2908655]], [[-3.6461085, 53.2907469], [-3.6473442, 53.2907289], [-3.6496641, 53.2907584]], [[-3.6443238, 53.2909585], [-3.6434402, 53.2910672], [-3.6425708, 53.2912172]], [[-3.7264743, 53.2964932], [-3.7282732, 53.2974528], [-3.729269, 53.2978867], [-3.7302839, 53.2982545], [-3.7315628, 53.2986588]], [[-3.7254546, 53.2960671], [-3.7264743, 53.2964932]], [[-3.884484, 53.2878957], [-3.8832053, 53.2881822], [-3.8828279, 53.2882947], [-3.8824563, 53.2884397], [-3.8821315, 53.2886144]], [[-3.8720219, 53.2868007], [-3.8715447, 53.2867459], [-3.8708986, 53.2866839], [-3.8702037, 53.2866317], [-3.8694685, 53.2865964], [-3.8690419, 53.2865832], [-3.8683754, 53.286569], [-3.8675928, 53.286564], [-3.866964, 53.2865714], [-3.8660021, 53.2865995], [-3.8651979, 53.2866305], [-3.8644134, 53.2866627], [-3.8637388, 53.2866877], [-3.8632172, 53.2867128], [-3.862691, 53.2867564], [-3.8622192, 53.2868082], [-3.8617303, 53.2868755], [-3.8612503, 53.2869509], [-3.8607398, 53.2870391], [-3.8603461, 53.2871153]], [[-3.8865268, 53.2867807], [-3.8862399, 53.2869049], [-3.886081, 53.2869829], [-3.8859298, 53.287072], [-3.8857666, 53.287182], [-3.8856175, 53.2873025], [-3.8853448, 53.2875519], [-3.8852456, 53.287623], [-3.8851304, 53.2876852], [-3.8849772, 53.2877548], [-3.8848395, 53.2878057], [-3.8847033, 53.287844], [-3.8845988, 53.2878701]], [[-3.7894996, 53.2803848], [-3.7912023, 53.2801616], [-3.7929364, 53.2799628]], [[-3.7929594, 53.2800565], [-3.7912547, 53.2802493], [-3.7895411, 53.2804754]], [[-3.8213825, 53.2864251], [-3.8227446, 53.2869498], [-3.8242665, 53.2874254], [-3.8259389, 53.2878452], [-3.8279043, 53.2882286], [-3.8301459, 53.2886039], [-3.8328175, 53.2889426], [-3.8348456, 53.2891692], [-3.8367326, 53.2893435]], [[-3.8212864, 53.286497], [-3.8209381, 53.2863394], [-3.8206826, 53.2862118], [-3.8200867, 53.2858787], [-3.8194018, 53.2854296], [-3.8193463, 53.2853871], [-3.8186816, 53.2848783], [-3.8176783, 53.2841859], [-3.8169056, 53.2837478], [-3.8160909, 53.2833364], [-3.8151793, 53.282935], [-3.8144881, 53.2826331], [-3.8129976, 53.2820409], [-3.812032, 53.2817145], [-3.8110686, 53.281413], [-3.8101384, 53.2811721], [-3.8091604, 53.2809478], [-3.8082423, 53.2807719], [-3.8073285, 53.2806091], [-3.8061227, 53.2804088], [-3.8046156, 53.2801823], [-3.8036593, 53.2800498], [-3.8027191, 53.2799339], [-3.8018504, 53.2798429], [-3.8013934, 53.2798037], [-3.800876, 53.279767], [-3.8001102, 53.2797248], [-3.7997276, 53.2797128], [-3.7992558, 53.2797007], [-3.7987579, 53.2796975], [-3.7979599, 53.2797054], [-3.7976233, 53.2797141]], [[-3.8367148, 53.2894358], [-3.8347919, 53.2892567], [-3.8327451, 53.2890333], [-3.8302593, 53.2887276], [-3.827861, 53.288335], [-3.8258991, 53.2879444], [-3.8241806, 53.2875135], [-3.822679, 53.2870409], [-3.8212864, 53.286497]], [[-3.7321691, 53.2988344], [-3.7324996, 53.2989284], [-3.7338049, 53.2992568], [-3.735614, 53.2996454], [-3.7366287, 53.2998323], [-3.7375142, 53.2999624], [-3.7391827, 53.3001497], [-3.74093, 53.3002577], [-3.7422929, 53.3002729], [-3.7437217, 53.3002455], [-3.7446253, 53.3001996], [-3.7455127, 53.3001226], [-3.7462798, 53.3000427], [-3.7473241, 53.2999064], [-3.7484084, 53.2997352], [-3.7497152, 53.2994765], [-3.7512738, 53.2991579], [-3.7526236, 53.2989054], [-3.7542843, 53.2985803]], [[-3.7860436, 53.2811242], [-3.7851945, 53.2813273], [-3.7835076, 53.2817978], [-3.7824915, 53.2821126], [-3.7818506, 53.2823442], [-3.781184, 53.2826162], [-3.7804431, 53.2829452], [-3.7799186, 53.2831985], [-3.7794535, 53.2834452], [-3.7790584, 53.2836721], [-3.7779984, 53.28431], [-3.7773099, 53.2847539], [-3.7748247, 53.2864094], [-3.7723231, 53.2882603], [-3.7705446, 53.2896876], [-3.7688524, 53.2911468], [-3.7672062, 53.2926977], [-3.7663071, 53.2935512], [-3.7653097, 53.2943748], [-3.7647351, 53.2947978], [-3.764134, 53.295197], [-3.7627021, 53.2960189], [-3.7612192, 53.2967194]], [[-3.2273921, 53.2641108], [-3.2269576, 53.2639103], [-3.2242571, 53.2625964], [-3.2194324, 53.2603326], [-3.2152975, 53.2584955], [-3.2144687, 53.2580693], [-3.213781, 53.2576977], [-3.2125402, 53.256916], [-3.2117704, 53.2564025], [-3.2103427, 53.2552884]], [[-3.203547, 53.2505579], [-3.2044622, 53.2509809], [-3.2053014, 53.2514436], [-3.2061053, 53.2518643], [-3.2072313, 53.2525698], [-3.2081854, 53.2532438], [-3.2099572, 53.2547461]], [[-3.2103427, 53.2552884], [-3.2098518, 53.2548521]], [[-3.228001, 53.264374], [-3.2273921, 53.2641108]], [[-3.2104966, 53.255219], [-3.2117159, 53.2561614], [-3.2126477, 53.2568041], [-3.2137574, 53.2575052], [-3.2148852, 53.2581181], [-3.2159831, 53.2586778], [-3.219575, 53.2602647]], [[-3.2099572, 53.2547461], [-3.2104966, 53.255219]], [[-3.2281603, 53.2643075], [-3.2290538, 53.2646788], [-3.2297599, 53.2649451], [-3.2304823, 53.2651913], [-3.2313354, 53.2654902], [-3.232419, 53.2658263], [-3.2334643, 53.2661268], [-3.2341221, 53.2662911], [-3.2346106, 53.2664163], [-3.240989, 53.2678685], [-3.2431166, 53.2682827], [-3.2444826, 53.2685169], [-3.24606, 53.2687442], [-3.2486792, 53.2690176], [-3.2511399, 53.2691971], [-3.2528576, 53.2693652], [-3.2538144, 53.2694935], [-3.2549597, 53.269656], [-3.2561321, 53.2698705], [-3.2572666, 53.2701087], [-3.2639897, 53.2717921], [-3.2718403, 53.2740356]], [[-3.2098518, 53.2548521], [-3.2094168, 53.254472], [-3.2087164, 53.2538325], [-3.207657, 53.2530417], [-3.2065511, 53.2522946], [-3.2055107, 53.251691], [-3.2045807, 53.251182], [-3.2034762, 53.2506476]], [[-3.2275853, 53.2640611], [-3.2281603, 53.2643075]], [[-4.1067705, 53.2055262], [-4.1065438, 53.2055867], [-4.1063856, 53.2056227], [-4.1063226, 53.2056371], [-4.1061163, 53.2056866], [-4.1059622, 53.2057312], [-4.1057861, 53.2057932]], [[-4.1006785, 53.2077919], [-4.1010908, 53.2075828], [-4.1014037, 53.2074375], [-4.1018369, 53.2072238], [-4.1022328, 53.2070253], [-4.1027027, 53.206779], [-4.1033668, 53.2064217], [-4.1039186, 53.2061124], [-4.1044951, 53.2057722], [-4.1047964, 53.205586], [-4.1050215, 53.2054287], [-4.1051336, 53.2053418]], [[-4.1079421, 53.2043664], [-4.1078249, 53.2044509], [-4.1077598, 53.204521], [-4.1077109, 53.2045885], [-4.107676, 53.204662], [-4.1076323, 53.2048834], [-4.1075769, 53.205001]], [[-4.1616638, 53.2045449], [-4.1609169, 53.2046883], [-4.1604874, 53.2047555], [-4.160154, 53.204815], [-4.1597872, 53.2048905], [-4.1594204, 53.2049733], [-4.1591204, 53.2050498], [-4.1588364, 53.2051263]], [[-4.153691, 53.2052602], [-4.1542845, 53.2052001], [-4.154523, 53.2051876], [-4.1548324, 53.2051628], [-4.1551067, 53.2051319], [-4.1554562, 53.2050841], [-4.1558016, 53.2050266], [-4.1561256, 53.204965], [-4.1563912, 53.2049036], [-4.1566782, 53.204835], [-4.156978, 53.2047546], [-4.1584003, 53.2043273], [-4.1588844, 53.2041823], [-4.1589983, 53.2041538], [-4.1590707, 53.2041397], [-4.1591418, 53.2041337], [-4.1591926, 53.2041378], [-4.1592488, 53.2041499], [-4.159307, 53.2041645], [-4.1593767, 53.2041863]], [[-4.1558585, 53.2062668], [-4.1560839, 53.2060874], [-4.1562542, 53.205938], [-4.156348, 53.2058496], [-4.1563862, 53.2057974], [-4.156408, 53.2057512], [-4.156423, 53.2056898], [-4.1564164, 53.2056191], [-4.1563957, 53.2055511], [-4.1563532, 53.2055003], [-4.1562879, 53.2054446], [-4.156206, 53.2054045], [-4.1561281, 53.2053756], [-4.1560314, 53.2053484], [-4.155918, 53.2053375], [-4.1557808, 53.2053393], [-4.1551668, 53.2053692], [-4.1548226, 53.2053814], [-4.1543955, 53.2053816], [-4.1538777, 53.2053629]], [[-4.175127, 53.2057574], [-4.1752238, 53.2058039], [-4.1753145, 53.2058386], [-4.1754081, 53.20587]], [[-4.174051, 53.205238], [-4.174538, 53.2054429], [-4.174743, 53.2055521], [-4.1749995, 53.2056919], [-4.175127, 53.2057574]], [[-3.1662475, 53.2258523], [-3.1679386, 53.2268444], [-3.1688792, 53.2273744], [-3.1696082, 53.2278054], [-3.1699296, 53.2280041], [-3.1703651, 53.2282478], [-3.1742747, 53.2306282], [-3.1763213, 53.2319076], [-3.1773244, 53.2325316], [-3.178971, 53.2336941], [-3.1816481, 53.2357456], [-3.1867845, 53.2397088], [-3.1875843, 53.2402845], [-3.1884024, 53.2408559]], [[-3.1990545, 53.2486929], [-3.2002256, 53.2492439], [-3.202796, 53.2502368]], [[-3.1884024, 53.2408559], [-3.1902035, 53.2421024], [-3.1907553, 53.2424807], [-3.1914953, 53.2429871], [-3.192639, 53.2438181], [-3.193136, 53.2442126]], [[-3.1284887, 53.2116879], [-3.1275963, 53.2112701], [-3.1263885, 53.2106769], [-3.1255964, 53.2101876], [-3.1249114, 53.2097622], [-3.1219364, 53.2080142], [-3.1206833, 53.2071506], [-3.1190611, 53.2058037], [-3.1179072, 53.2046395], [-3.1165634, 53.2033361], [-3.1154734, 53.2024827], [-3.1150637, 53.2022227], [-3.114246, 53.2017937], [-3.1134478, 53.2014514], [-3.1125968, 53.2011485], [-3.1113408, 53.200806], [-3.1103875, 53.2006147], [-3.1093598, 53.2004772], [-3.1082501, 53.2003976], [-3.1071539, 53.2003587], [-3.1044743, 53.2002858], [-3.1038326, 53.2002626], [-3.1031858, 53.200221]], [[-3.1953644, 53.2463143], [-3.1958845, 53.246755], [-3.1964729, 53.2471974], [-3.1971706, 53.2476762], [-3.1981483, 53.2482625], [-3.1990545, 53.2486929]], [[-3.3377948, 53.2711102], [-3.3409994, 53.2713452], [-3.3441346, 53.2716458], [-3.3469164, 53.2719697], [-3.3494314, 53.2722975], [-3.3501118, 53.2723915], [-3.3505519, 53.2724577], [-3.3546482, 53.273129], [-3.3555643, 53.2732722], [-3.3568126, 53.2734077]], [[-3.3568126, 53.2734077], [-3.3574337, 53.2734622], [-3.3588617, 53.2735637], [-3.3602692, 53.2735939], [-3.3617877, 53.2735884], [-3.3632577, 53.2735006], [-3.3645489, 53.2733831], [-3.3654427, 53.2732557], [-3.3660306, 53.2731696], [-3.3671394, 53.2730032], [-3.3679438, 53.2728524], [-3.3689368, 53.2726558]], [[-3.449692, 53.2618649], [-3.4487789, 53.2621378]], [[-3.435721, 53.2628614], [-3.4347431, 53.2628511]], [[-3.4486571, 53.2620775], [-3.4495773, 53.2618006]], [[-3.4346664, 53.2627272], [-3.4356399, 53.2627425]], [[-3.4495773, 53.2618006], [-3.4512759, 53.2612867]], [[-3.4347431, 53.2628511], [-3.4337519, 53.2628294], [-3.430346, 53.2627872], [-3.428622, 53.2627815], [-3.4268774, 53.262805], [-3.4196638, 53.2630126], [-3.4167437, 53.2630024], [-3.4137824, 53.2629327], [-3.4134693, 53.2629162], [-3.4126495, 53.2628938], [-3.4109317, 53.2627847], [-3.4099888, 53.2627107], [-3.4094001, 53.2626408], [-3.4081472, 53.2624639], [-3.4059843, 53.2621379], [-3.4044305, 53.2618709], [-3.4034939, 53.2617031], [-3.4024999, 53.2615124], [-3.4014476, 53.2613143], [-3.400328, 53.2610914], [-3.3994491, 53.2609282], [-3.3989492, 53.2608488], [-3.3983703, 53.2607695]], [[-3.376684, 53.2696041], [-3.3786836, 53.2689986], [-3.3796772, 53.2686977], [-3.3803522, 53.2684424], [-3.3809003, 53.2681951], [-3.3816327, 53.2677722], [-3.3818473, 53.2676214]], [[-3.3689368, 53.2726558], [-3.369914, 53.2724046], [-3.3711692, 53.2720134], [-3.372386, 53.2715734], [-3.3747115, 53.2704404], [-3.3756633, 53.2700154], [-3.376684, 53.2696041]], [[-3.4487789, 53.2621378], [-3.4482571, 53.2622863], [-3.4476327, 53.2624429], [-3.4468601, 53.2626053], [-3.446077, 53.2627489], [-3.4446256, 53.2629067], [-3.4432732, 53.2629693], [-3.4415712, 53.2629599], [-3.4377051, 53.2628942]], [[-3.4356399, 53.2627425], [-3.4373682, 53.2627755]], [[-3.4690312, 53.2605071], [-3.4682309, 53.26038], [-3.4670017, 53.2602122], [-3.465385, 53.2600412], [-3.4641296, 53.259942], [-3.4629051, 53.2599037], [-3.4616973, 53.2599041], [-3.4604112, 53.2599431], [-3.4595224, 53.2599942], [-3.4586163, 53.2600817], [-3.4571468, 53.260212], [-3.456002, 53.2603731], [-3.4545174, 53.2606151], [-3.4538085, 53.2607556]], [[-3.5698674, 53.284229], [-3.569596, 53.28403]], [[-3.5708498, 53.2848211], [-3.571133, 53.2850602]], [[-3.5706478, 53.2848518], [-3.5698674, 53.284229]], [[-3.5700298, 53.2841674], [-3.5708498, 53.2848211]], [[-3.4530092, 53.2608483], [-3.4537623, 53.2606884]], [[-3.4523584, 53.2610053], [-3.4530092, 53.2608483]], [[-3.4530408, 53.2609185], [-3.4523365, 53.2610892]], [[-3.4523365, 53.2610892], [-3.451328, 53.2613597]], [[-3.5045092, 53.2659283], [-3.502514, 53.2661109], [-3.5019981, 53.2661547], [-3.5012225, 53.2662103], [-3.5001276, 53.2662703], [-3.4992106, 53.2662958], [-3.4981246, 53.2663071], [-3.4967445, 53.2662836], [-3.4953625, 53.2662217], [-3.4942675, 53.2661419], [-3.493202, 53.2660318], [-3.491526, 53.2658297], [-3.489877, 53.265566], [-3.48738, 53.265049], [-3.485129, 53.264441], [-3.483062, 53.263867], [-3.481366, 53.263396], [-3.4784409, 53.2625644], [-3.4763426, 53.2619923], [-3.4747099, 53.261584], [-3.4728028, 53.2611774], [-3.471462, 53.260919], [-3.4697901, 53.2606239]], [[-3.4698429, 53.2604707], [-3.4708352, 53.2606204], [-3.4724386, 53.260926]], [[-3.4724386, 53.260926], [-3.4748998, 53.2614612], [-3.4769877, 53.2619964], [-3.480452, 53.2629653], [-3.4833731, 53.2637674]], [[-3.6859731, 53.2930729], [-3.6865997, 53.292957], [-3.6873105, 53.2928621], [-3.688026, 53.2928003], [-3.6892309, 53.2927351], [-3.6908937, 53.2926802], [-3.6931711, 53.2926533], [-3.6946367, 53.2926525], [-3.6962497, 53.292685]], [[-3.6578462, 53.2914353], [-3.660468, 53.291629], [-3.6635821, 53.2917493], [-3.6653919, 53.2918163], [-3.66713, 53.291924], [-3.6689581, 53.2920524], [-3.6710183, 53.2922557]], [[-3.7165287, 53.2943911], [-3.7156639, 53.2942237]], [[-3.6550506, 53.2911397], [-3.6565788, 53.2913065], [-3.6578462, 53.2914353]], [[-3.7157404, 53.2941482], [-3.7165254, 53.2942939]], [[-3.7542843, 53.2985803], [-3.7552649, 53.2983903]], [[-3.755529, 53.2983336], [-3.7567187, 53.2980744], [-3.7574469, 53.2979002], [-3.7584745, 53.2976034], [-3.7595325, 53.297257], [-3.7602434, 53.2970044], [-3.7609617, 53.2967142]], [[-3.71341, 53.2937085], [-3.714657, 53.29394], [-3.7157404, 53.2941482]], [[-3.6578239, 53.2915265], [-3.6564857, 53.2913895], [-3.6550299, 53.2912273]], [[-3.6425877, 53.2910977], [-3.643547, 53.2909574], [-3.6442961, 53.2908715]], [[-3.6496641, 53.2907584], [-3.6514824, 53.2908355], [-3.6529902, 53.2909485], [-3.6550506, 53.2911397]], [[-3.7156639, 53.2942237], [-3.7128203, 53.2936892], [-3.7111026, 53.293384], [-3.7096022, 53.2931871], [-3.7078936, 53.2930512]], [[-3.7165254, 53.2942939], [-3.7174607, 53.2944642], [-3.721772, 53.295272], [-3.7226392, 53.2954467], [-3.7241055, 53.2957112], [-3.7254546, 53.2960671]], [[-3.6550299, 53.2912273], [-3.6529728, 53.2910298], [-3.6515078, 53.2909351], [-3.6501105, 53.290877], [-3.6487912, 53.2908372], [-3.6477904, 53.2908327], [-3.6461135, 53.2908375]], [[-4.1883255, 53.2207467], [-4.1883418, 53.2206909], [-4.1883864, 53.2206041], [-4.1884625, 53.2204871], [-4.1886076, 53.2202844], [-4.1888048, 53.2200189], [-4.1889206, 53.2198556], [-4.1889813, 53.2197552], [-4.1890547, 53.2196137], [-4.1891053, 53.2194879], [-4.1891313, 53.2193761], [-4.1891439, 53.2192691], [-4.1891459, 53.2191732], [-4.1891457, 53.2191107]], [[-3.7976113, 53.2796246], [-3.7980963, 53.2796115], [-3.7985116, 53.2796073], [-3.7988281, 53.2796055], [-3.7991338, 53.2796065], [-3.7996968, 53.2796208], [-3.800189, 53.2796366], [-3.8007648, 53.2796678], [-3.8018138, 53.2797403], [-3.8025491, 53.2798237], [-3.8032963, 53.2799139], [-3.8040524, 53.2800059], [-3.8052253, 53.2801747], [-3.8075075, 53.2805227], [-3.8092359, 53.2808421], [-3.8106725, 53.2811834], [-3.8122389, 53.2816517], [-3.8139573, 53.2822914], [-3.8157215, 53.2830359], [-3.8173727, 53.2838486], [-3.8185368, 53.2845894], [-3.8195075, 53.2853094], [-3.8201354, 53.2857311], [-3.8208019, 53.2861389], [-3.8210073, 53.2862508], [-3.8213825, 53.2864251]], [[-3.7976233, 53.2797141], [-3.7974815, 53.279718]], [[-3.7974678, 53.2796297], [-3.7976113, 53.2796246]], [[-3.7974815, 53.279718], [-3.7970223, 53.2797385], [-3.7960548, 53.2797956], [-3.7936583, 53.279994], [-3.7929594, 53.2800565]], [[-4.0160877, 53.235514], [-4.0158475, 53.235584]], [[-4.0156735, 53.2355167], [-4.0159016, 53.2354499]], [[-4.0158475, 53.235584], [-4.0154513, 53.2357076], [-4.0149772, 53.2358587], [-4.0143627, 53.2360657]], [[-4.0160983, 53.2353921], [-4.0166018, 53.2352497], [-4.0178138, 53.234928]], [[-4.0186034, 53.2348368], [-4.0183719, 53.234898]], [[-4.0169566, 53.2352703], [-4.0164696, 53.2354027], [-4.0160877, 53.235514]], [[-4.021269, 53.2339692], [-4.0221981, 53.2336966], [-4.0229704, 53.2334492], [-4.0236468, 53.2332313], [-4.024455, 53.2329842], [-4.025482, 53.2326997], [-4.0273045, 53.2321721], [-4.0284869, 53.2318479], [-4.0296607, 53.2315261], [-4.0306533, 53.2312513], [-4.0336562, 53.2304316], [-4.0348132, 53.23013], [-4.0359463, 53.2298124], [-4.0367666, 53.2295753], [-4.038558, 53.2290806], [-4.0405962, 53.2285251], [-4.0426175, 53.2279773], [-4.0438824, 53.2276268], [-4.0454474, 53.2271969], [-4.0473113, 53.2266815], [-4.0493802, 53.2261201], [-4.0516574, 53.2255069], [-4.0535939, 53.2249554], [-4.0547734, 53.2245778], [-4.0560312, 53.2241545], [-4.0577344, 53.2235165], [-4.0591835, 53.222924], [-4.0604324, 53.2223753]], [[-3.9984492, 53.2441867], [-3.998893, 53.2438078], [-3.9993389, 53.2434335], [-3.9998132, 53.2430678], [-4.0001619, 53.2428007], [-4.0006661, 53.2424438], [-4.001147, 53.2421163], [-4.0015277, 53.2418655], [-4.001874, 53.2416507]], [[-3.9001898, 53.2804864], [-3.9002331, 53.2804857], [-3.9005255, 53.2804674]], [[-4.1793813, 53.2108737], [-4.1796192, 53.2111652]], [[-4.0143627, 53.2360657], [-4.0137636, 53.2362799], [-4.0131705, 53.2365081], [-4.0125877, 53.2367383], [-4.0118937, 53.2370338], [-4.0114675, 53.2372213], [-4.0107511, 53.2375426], [-4.0100283, 53.2378721], [-4.009089, 53.2382901], [-4.0082645, 53.2386621], [-4.0074482, 53.2390316], [-4.0064672, 53.2394708], [-4.0057095, 53.2398088], [-4.0051333, 53.2400708]], [[-4.005008, 53.2399913], [-4.0056233, 53.2397155], [-4.006342, 53.2393933], [-4.0073696, 53.2389306], [-4.0081833, 53.2385624], [-4.0089917, 53.2382028], [-4.0098998, 53.2377941], [-4.0106557, 53.237456], [-4.0112824, 53.2371729], [-4.011792, 53.2369478], [-4.0125149, 53.2366446], [-4.0129952, 53.2364488], [-4.0137018, 53.2361832], [-4.0142837, 53.2359728]], [[-3.9983047, 53.2445808], [-3.9980555, 53.2448231], [-3.9977816, 53.2450818], [-3.997533, 53.2453329], [-3.9972774, 53.2456004], [-3.9968788, 53.2460101], [-3.9966298, 53.2462815]], [[-4.01888, 53.2347601], [-4.0186034, 53.2348368]], [[-3.995096, 53.2477364], [-3.995344, 53.2474477], [-3.9957291, 53.246985], [-3.9960971, 53.2465562], [-3.9963021, 53.2463218], [-3.9966582, 53.2459274], [-3.9970239, 53.2455434], [-3.9973554, 53.2452062], [-3.9975383, 53.2450222], [-3.9977969, 53.2447838], [-3.9981944, 53.2444111]], [[-3.8526394, 53.2891803], [-3.8523012, 53.2892499], [-3.8519102, 53.2893059], [-3.8515256, 53.2893498], [-3.8511718, 53.2893808], [-3.850854, 53.289398], [-3.8504271, 53.2894098], [-3.8497014, 53.2894221], [-3.8489772, 53.2894436], [-3.8484537, 53.2894646], [-3.8479594, 53.2894901], [-3.8466575, 53.2895101]], [[-3.8527385, 53.2885866], [-3.8527539, 53.2885837], [-3.853509, 53.2884673], [-3.8543557, 53.2883381], [-3.8551464, 53.288217], [-3.855586, 53.2881386], [-3.855897, 53.2880808], [-3.8561584, 53.288023], [-3.8566648, 53.2878968], [-3.8578681, 53.2876114]], [[-3.9952692, 53.2477844], [-3.9950672, 53.2480136], [-3.9946515, 53.2484941], [-3.9943874, 53.2488003], [-3.993897, 53.2493508], [-3.9935595, 53.2497431], [-3.9932197, 53.2501281], [-3.9928669, 53.2505094], [-3.9925293, 53.2508573], [-3.9922116, 53.2511696], [-3.9918153, 53.251527], [-3.9914737, 53.2518221], [-3.9910641, 53.2521525], [-3.990663, 53.2524677], [-3.9901952, 53.252802], [-3.9897126, 53.2531353], [-3.9892457, 53.2534414], [-3.9887051, 53.2537902], [-3.9881725, 53.2541147], [-3.9875373, 53.2544927], [-3.9870631, 53.2547712], [-3.9864855, 53.255093], [-3.9858454, 53.2554362], [-3.9851475, 53.255796], [-3.9847694, 53.2559858], [-3.9844075, 53.2561638], [-3.9838098, 53.2564487], [-3.9830714, 53.2567874], [-3.9827184, 53.2569428], [-3.9822757, 53.2571326], [-3.9815354, 53.2574343], [-3.9809793, 53.2576486], [-3.9804879, 53.2578293]], [[-4.0655131, 53.2199641], [-4.0647875, 53.2203335], [-4.0641682, 53.2206512], [-4.0635896, 53.2209506], [-4.0628379, 53.2213384], [-4.0617565, 53.2218831], [-4.0611569, 53.2221745], [-4.060619, 53.2224263], [-4.0603466, 53.222559], [-4.0594009, 53.2229812], [-4.057658, 53.2236792], [-4.0568137, 53.2239962], [-4.0559316, 53.2243131], [-4.0555778, 53.2244281], [-4.0550709, 53.2245963], [-4.0542605, 53.2248652], [-4.0529475, 53.2252613], [-4.0517234, 53.2256182], [-4.0504729, 53.2259671], [-4.0484823, 53.2265162], [-4.0476128, 53.2267512], [-4.0458511, 53.2272352], [-4.0444, 53.2276354], [-4.0429701, 53.2280242], [-4.0414697, 53.2284364], [-4.0399774, 53.2288451], [-4.0385769, 53.2292267], [-4.037042, 53.2296347], [-4.0354087, 53.2300892], [-4.0340052, 53.2304792], [-4.0321184, 53.2309994], [-4.0305734, 53.2314215], [-4.0289297, 53.231874], [-4.0273308, 53.2323105], [-4.0263177, 53.2325831], [-4.0255267, 53.2328015], [-4.0245406, 53.2330796], [-4.0237248, 53.2333306], [-4.023058, 53.2335448], [-4.022287, 53.2337836], [-4.0213412, 53.2340661]], [[-4.0165005, 53.2347387], [-4.0165023, 53.2347738], [-4.0166145, 53.2349413]], [[-3.9966298, 53.2462815], [-3.9966312, 53.2463697], [-3.9966387, 53.246402], [-3.9966473, 53.2464283], [-3.9966772, 53.2464845], [-3.9967025, 53.246534]], [[-3.0627707, 53.1844974], [-3.0630711, 53.1849936], [-3.0635353, 53.1856773], [-3.0638288, 53.1861354], [-3.0640949, 53.186408], [-3.0644468, 53.1866651], [-3.0648416, 53.1868863], [-3.0653442, 53.1870894], [-3.0656921, 53.187194], [-3.0661501, 53.1873018], [-3.0666496, 53.1873811], [-3.0677856, 53.1875189]], [[-2.9627735, 53.1620278], [-2.9603358, 53.1615258], [-2.9579668, 53.1610962], [-2.9555097, 53.1607514], [-2.9503969, 53.1599872], [-2.9463646, 53.159381], [-2.9406008, 53.158491], [-2.9366925, 53.1579315], [-2.9335378, 53.1574527]], [[-2.962906, 53.1619387], [-2.9645484, 53.1622801], [-2.9670805, 53.1628358], [-2.9678065, 53.1629818]], [[-3.037154, 53.1681907], [-3.0376583, 53.168467]], [[-3.0389445, 53.1693035], [-3.0385127, 53.1690771]], [[-3.0376583, 53.168467], [-3.0380608, 53.1686886], [-3.038643, 53.1690011]], [[-3.0375338, 53.1685424], [-3.0370453, 53.1682731]], [[-3.0370453, 53.1682731], [-3.0356248, 53.1675132], [-3.0345863, 53.1669627], [-3.0334791, 53.1664533], [-3.0323976, 53.1660005]], [[-3.0385127, 53.1690771], [-3.0375338, 53.1685424]], [[-3.039039, 53.1692142], [-3.0395816, 53.1694993], [-3.0410029, 53.1702894]], [[-3.038643, 53.1690011], [-3.039039, 53.1692142]], [[-2.9336037, 53.1573526], [-2.9367703, 53.1578027], [-2.9406435, 53.1583817], [-2.9463727, 53.159218], [-2.9503852, 53.1598098], [-2.9555136, 53.1605817], [-2.960288, 53.1614051], [-2.962906, 53.1619387]], [[-4.0707025, 53.2171494], [-4.0715829, 53.216713], [-4.0722925, 53.2163752], [-4.0730648, 53.2160287], [-4.0735323, 53.2158226], [-4.0739632, 53.2156409], [-4.0747851, 53.2153016], [-4.0757858, 53.2149103], [-4.0765346, 53.2146331]], [[-3.9526279, 53.2663833], [-3.9524098, 53.266426], [-3.9522872, 53.2664549], [-3.9521611, 53.2664913]], [[-3.9563754, 53.2656592], [-3.9533801, 53.2662373]], [[-3.89541, 53.2827975], [-3.8959731, 53.2825682], [-3.8964318, 53.2823806], [-3.8971879, 53.2820509], [-3.8978858, 53.2817241], [-3.8981248, 53.2816105]], [[-3.9009803, 53.2804167], [-3.9005667, 53.2806154], [-3.9000668, 53.2808508], [-3.8994374, 53.2811499], [-3.8990359, 53.2813419], [-3.8980398, 53.2818071], [-3.8972349, 53.2821745], [-3.8965574, 53.2824752], [-3.8960701, 53.2826873], [-3.8955644, 53.2828994], [-3.8949828, 53.2831324], [-3.8944169, 53.2833755]], [[-3.7609617, 53.2967142], [-3.7611241, 53.2966439]], [[-3.7612192, 53.2967194], [-3.761053, 53.2967866]], [[-3.761053, 53.2967866], [-3.7603901, 53.2970548], [-3.7595862, 53.2973494], [-3.7584965, 53.2977021], [-3.7573874, 53.2980096], [-3.7567329, 53.2981677], [-3.7556252, 53.2984134]], [[-3.7611241, 53.2966439], [-3.7626096, 53.2959669], [-3.7642032, 53.2950313], [-3.7646469, 53.2947141], [-3.7655759, 53.2940056], [-3.7664056, 53.2932938], [-3.7671776, 53.292564], [-3.7687566, 53.2910616], [-3.770548, 53.2895397], [-3.7723962, 53.2880602], [-3.7748598, 53.2862567], [-3.7773371, 53.2845975], [-3.7790767, 53.2835299], [-3.7806035, 53.2827558], [-3.782395, 53.2820248], [-3.7838115, 53.2815863], [-3.784994, 53.2812778], [-3.7860841, 53.2810184], [-3.7869089, 53.2808418], [-3.788026, 53.2806256], [-3.7894996, 53.2803848]], [[-3.7556252, 53.2984134], [-3.7553411, 53.2984697]], [[-3.7552649, 53.2983903], [-3.755529, 53.2983336]], [[-3.7553411, 53.2984697], [-3.7543365, 53.2986656]], [[-3.7253405, 53.2961855], [-3.724425, 53.2959011], [-3.7233312, 53.295657], [-3.718215, 53.2947017], [-3.7165287, 53.2943911]], [[-3.7014345, 53.2927997], [-3.7021271, 53.2928151], [-3.7042941, 53.2928606], [-3.7074802, 53.2929379]], [[-3.6973582, 53.2928041], [-3.6962438, 53.2927781]], [[-3.6962438, 53.2927781], [-3.6946409, 53.2927407], [-3.6924697, 53.2927421], [-3.6903253, 53.2927852], [-3.688217, 53.29288], [-3.6871898, 53.2929711], [-3.6860419, 53.2931924], [-3.6853267, 53.2933302], [-3.68436, 53.293483], [-3.683469, 53.2935984], [-3.682423, 53.293666], [-3.6818643, 53.2936807], [-3.6816239, 53.293687], [-3.6810855, 53.2936763], [-3.6805449, 53.29365]], [[-3.6962497, 53.292685], [-3.6973642, 53.2927094]], [[-3.6716253, 53.2924206], [-3.6710615, 53.2923748]], [[-3.6710183, 53.2922557], [-3.6715905, 53.292315]], [[-3.6710615, 53.2923748], [-3.6680732, 53.2921815], [-3.6663546, 53.2920829], [-3.6622007, 53.2918413], [-3.6578239, 53.2915265]], [[-3.6715905, 53.292315], [-3.673548, 53.292547], [-3.6752457, 53.2927814], [-3.6774895, 53.2931437], [-3.6783678, 53.293295], [-3.6790957, 53.2934001], [-3.680374, 53.2935332], [-3.6811736, 53.2935747]], [[-4.6152636, 53.2963261], [-4.6165474, 53.2966898], [-4.6174502, 53.296952], [-4.618448, 53.2972517], [-4.6191942, 53.2974986], [-4.6196879, 53.2976738], [-4.6201886, 53.2978632], [-4.6209009, 53.2981706], [-4.6215095, 53.2984577], [-4.6220342, 53.298732], [-4.6225377, 53.2990269]], [[-4.6272932, 53.3023609], [-4.6279095, 53.3028017], [-4.6284123, 53.3031798], [-4.6288886, 53.3035227], [-4.6292564, 53.3037934], [-4.6296862, 53.3040956], [-4.629749, 53.3041336], [-4.629815, 53.3041577], [-4.629886, 53.3041745], [-4.6299232, 53.3041827], [-4.6300201, 53.3042018]], [[-4.6224425, 53.2991384], [-4.6222651, 53.2990329], [-4.6216594, 53.2987076], [-4.6210746, 53.298419], [-4.6204991, 53.2981561], [-4.6197442, 53.2978434], [-4.6190576, 53.2975854], [-4.618, 53.2972341], [-4.6162635, 53.2967342], [-4.6151985, 53.2964236]], [[-4.6151985, 53.2964236], [-4.6142689, 53.2961562]], [[-3.4373682, 53.2627755], [-3.4377174, 53.2627846]], [[-3.4373592, 53.2628883], [-3.435721, 53.2628614]], [[-3.4377051, 53.2628942], [-3.4373592, 53.2628883]], [[-3.4377174, 53.2627846], [-3.4394431, 53.2628259], [-3.4409222, 53.2628553], [-3.4432173, 53.2628829], [-3.4445687, 53.2628367], [-3.446195, 53.2626294], [-3.4472023, 53.2624451], [-3.4479236, 53.2622771], [-3.4486571, 53.2620775]], [[-3.6264343, 53.2899291], [-3.6259557, 53.2898305], [-3.6250835, 53.289665], [-3.6243229, 53.2895433], [-3.6235694, 53.2894367], [-3.6225601, 53.2893258], [-3.6218069, 53.2892624], [-3.6204074, 53.2891823], [-3.619175, 53.2891304], [-3.6184216, 53.2891065], [-3.6173848, 53.2890801], [-3.6163324, 53.2890645], [-3.6153778, 53.2890628], [-3.6142001, 53.2890666], [-3.6130296, 53.2890831], [-3.611938, 53.2891128], [-3.6107054, 53.2891593], [-3.6095069, 53.2892288], [-3.6087718, 53.2892785], [-3.6078026, 53.2893457], [-3.6071051, 53.2894053], [-3.606406, 53.2894662], [-3.605755, 53.2895286], [-3.6048903, 53.2896135], [-3.6035993, 53.2897578], [-3.6021917, 53.2899282], [-3.6015848, 53.2900135], [-3.6000359, 53.2902504], [-3.5984771, 53.2905231], [-3.5968928, 53.2908213], [-3.59534, 53.2911386], [-3.5937038, 53.291508], [-3.5919982, 53.2919366], [-3.5894196, 53.2926225], [-3.5880349, 53.2928733], [-3.5866139, 53.2929974], [-3.5855446, 53.2930316], [-3.5840166, 53.2929603], [-3.5828833, 53.2928215]], [[-3.6266863, 53.2899808], [-3.6264343, 53.2899291]], [[-3.6265032, 53.2898011], [-3.6267529, 53.2898544]], [[-3.6267529, 53.2898544], [-3.6273599, 53.2899966], [-3.6281207, 53.2901877], [-3.6289975, 53.2904408], [-3.6302485, 53.2908063], [-3.6312411, 53.2910898], [-3.6318628, 53.2912473], [-3.6322518, 53.2913326], [-3.6324895, 53.2913847], [-3.6332985, 53.2915362], [-3.633947, 53.2916291], [-3.6347786, 53.2917202], [-3.6357165, 53.2917836], [-3.6364816, 53.2918053], [-3.6372978, 53.2918047], [-3.6380583, 53.2917758], [-3.6388348, 53.291711], [-3.6393459, 53.2916589], [-3.6398264, 53.2915912]], [[-3.0415563, 53.1705919], [-3.041742, 53.1706754], [-3.0458981, 53.1729377], [-3.0495326, 53.1748097], [-3.0536824, 53.1767685], [-3.0569721, 53.1782257], [-3.0585633, 53.1791549], [-3.0596175, 53.1799055], [-3.0599697, 53.1802587]], [[-3.0410029, 53.1702894], [-3.0415563, 53.1705919]], [[-3.0414049, 53.1706604], [-3.0408818, 53.170365]], [[-3.0408818, 53.170365], [-3.0394443, 53.1695816], [-3.0389445, 53.1693035]], [[-3.9015319, 53.2799962], [-3.9021462, 53.2797026], [-3.9022959, 53.2796322], [-3.9032783, 53.2791651], [-3.9043082, 53.2786766]], [[-3.3827098, 53.2671623], [-3.382086, 53.2676487]], [[-3.3824644, 53.2671504], [-3.3825995, 53.2670172], [-3.3830125, 53.2665825]], [[-3.3217955, 53.2717534], [-3.32299, 53.2716605], [-3.3262805, 53.2713833], [-3.3267453, 53.2713441], [-3.3287689, 53.2712076]], [[-3.3184529, 53.2720931], [-3.3198904, 53.2719217], [-3.3217955, 53.2717534]], [[-3.0323976, 53.1660005], [-3.0299202, 53.1650852], [-3.0285324, 53.1646557], [-3.0270659, 53.1642554], [-3.024355, 53.1636452], [-3.0217452, 53.1632274], [-3.0205076, 53.1630807], [-3.0192571, 53.1629538], [-3.0159489, 53.1627018], [-3.0149102, 53.1626], [-3.0141869, 53.1625095], [-3.0130737, 53.1623672], [-3.0122094, 53.1622344]], [[-3.0325264, 53.1659027], [-3.0335735, 53.1663812], [-3.0346807, 53.1668803], [-3.0357708, 53.167436], [-3.037154, 53.1681907]], [[-3.091171, 53.1975154], [-3.0900237, 53.1971356], [-3.0883339, 53.1965353], [-3.0861502, 53.1956792], [-3.0826708, 53.1940657], [-3.0797516, 53.1924924], [-3.0781037, 53.1915101], [-3.0766071, 53.1905664]], [[-3.1032338, 53.2000958], [-3.1041294, 53.2001589], [-3.104597, 53.2001706], [-3.1072698, 53.2002378], [-3.1080623, 53.2002732], [-3.1084917, 53.2002924], [-3.1096575, 53.2003943], [-3.1105265, 53.2005051], [-3.1108348, 53.2005644], [-3.1113848, 53.2006703], [-3.1122896, 53.2008949], [-3.1128829, 53.2010813], [-3.1137223, 53.2013835], [-3.1145292, 53.201732], [-3.1156708, 53.2023747], [-3.1167702, 53.2032465], [-3.1179938, 53.2045069], [-3.1197748, 53.2061841], [-3.1208713, 53.2070767], [-3.1218044, 53.207735], [-3.1222197, 53.2080215], [-3.1250683, 53.2097179], [-3.1261378, 53.2103592], [-3.12693, 53.2107996], [-3.1281214, 53.2113751], [-3.1291847, 53.2117979], [-3.1301629, 53.212126], [-3.1310104, 53.2123655], [-3.1317655, 53.2125486], [-3.1331543, 53.2128678], [-3.1341784, 53.2131142], [-3.1352969, 53.2134277], [-3.1361219, 53.213687], [-3.1374056, 53.2141435]], [[-3.6425708, 53.2912172], [-3.6408172, 53.2915425]], [[-3.7543365, 53.2986656], [-3.7526117, 53.2990019], [-3.7519539, 53.2991334], [-3.7497361, 53.2995729], [-3.7483989, 53.2998325], [-3.746772, 53.3000765], [-3.7461171, 53.3001663], [-3.7451678, 53.3002486], [-3.7442318, 53.3003108], [-3.7431691, 53.3003576], [-3.7420127, 53.3003712], [-3.7405426, 53.3003403], [-3.7388916, 53.3002229], [-3.7374617, 53.3000445], [-3.7360324, 53.2998193], [-3.7337353, 53.2993438], [-3.7321036, 53.2989168]], [[-3.8931793, 53.2836845], [-3.8942833, 53.2832476], [-3.8948395, 53.2830198], [-3.89541, 53.2827975]], [[-3.9599264, 53.2644725], [-3.9600181, 53.2644532], [-3.9604013, 53.2643741], [-3.9617575, 53.2640782], [-3.9633124, 53.2637413], [-3.9642723, 53.2635343], [-3.9647275, 53.2634268], [-3.9651836, 53.2633007], [-3.9655278, 53.2632037], [-3.9659379, 53.2630756], [-3.9663948, 53.2629182], [-3.966802, 53.2627633]], [[-4.1588364, 53.2051263], [-4.1585363, 53.2052186], [-4.1582536, 53.2053125], [-4.1578165, 53.2054718], [-4.1576121, 53.2055492], [-4.1574364, 53.2056254]], [[-4.1616638, 53.2045449], [-4.1591753, 53.2048475], [-4.1584061, 53.2049386]], [[-4.1063064, 53.2042816], [-4.106512, 53.2042267], [-4.1067449, 53.2041855], [-4.1069516, 53.2041407], [-4.1071399, 53.2040953], [-4.107304, 53.2040427]], [[-4.1103664, 53.2028419], [-4.1099061, 53.2031414], [-4.1095133, 53.2033723], [-4.1091874, 53.2035804], [-4.1086029, 53.2039464], [-4.1079421, 53.2043664]], [[-4.1532077, 53.2053561], [-4.1528102, 53.2053417], [-4.1523312, 53.2053105]], [[-4.2171222, 53.2226509], [-4.2166033, 53.2227208], [-4.2160516, 53.2228074], [-4.2154964, 53.2229128], [-4.2149738, 53.2230281], [-4.214307, 53.2232026], [-4.2138022, 53.2233508], [-4.2133466, 53.2234952], [-4.2129213, 53.2236451], [-4.2125193, 53.2238026], [-4.2119282, 53.224069], [-4.2112953, 53.2243645], [-4.2101404, 53.2249021]], [[-4.1922688, 53.2251795], [-4.1930825, 53.2257559], [-4.1935946, 53.2260839], [-4.1941517, 53.2263899], [-4.1945341, 53.2265827], [-4.1950097, 53.2268078], [-4.195649, 53.2270678], [-4.1962901, 53.2272748], [-4.1969819, 53.2274594], [-4.1976112, 53.2275927], [-4.1982075, 53.2276957], [-4.1988979, 53.2277799], [-4.1996083, 53.2278303], [-4.2003323, 53.2278501], [-4.20093, 53.2278367], [-4.201618, 53.2277941], [-4.2022385, 53.2277267], [-4.2028165, 53.2276437]], [[-4.2595688, 53.2254671], [-4.2599785, 53.2255035], [-4.2603578, 53.2255305], [-4.2605408, 53.2255426], [-4.2606047, 53.2255478]], [[-4.260276, 53.2263169], [-4.2599474, 53.2262584], [-4.2594443, 53.2261687]], [[-4.260508, 53.225776], [-4.2607922, 53.2258252], [-4.2614021, 53.2259242]], [[-4.2612112, 53.2265965], [-4.2606364, 53.2265477], [-4.2602765, 53.226504], [-4.2602025, 53.226495]], [[-4.3240302, 53.2387971], [-4.3236088, 53.2385462], [-4.3230245, 53.2382595], [-4.3219219, 53.2377757], [-4.3206052, 53.2371925], [-4.320103, 53.2369531]], [[-4.3247761, 53.2383395], [-4.3249374, 53.2384013], [-4.3251474, 53.2384655], [-4.3253477, 53.2385053], [-4.325584, 53.238532], [-4.3256839, 53.2385413]], [[-4.329527, 53.2408332], [-4.3288621, 53.240663], [-4.3276511, 53.240287], [-4.3261953, 53.2398336]], [[-4.3268082, 53.2394115], [-4.3273933, 53.2397194], [-4.3279277, 53.2399758], [-4.3282362, 53.2401227], [-4.3287427, 53.2403463], [-4.3293089, 53.2405741], [-4.3297713, 53.2407888]], [[-4.4536808, 53.2610371], [-4.453926, 53.2610547], [-4.4540432, 53.261057], [-4.4541666, 53.2610556]], [[-4.4540862, 53.2621571], [-4.454023, 53.2621149], [-4.4539269, 53.2620547], [-4.4534622, 53.2618303]], [[-4.4548399, 53.2610051], [-4.4549627, 53.2610476], [-4.4552011, 53.2611531], [-4.4555122, 53.261279]], [[-4.4600309, 53.2625511], [-4.4592762, 53.2624912], [-4.4582166, 53.2623996], [-4.4574041, 53.2623373], [-4.4552504, 53.2621948]], [[-4.5131721, 53.2759014], [-4.5131419, 53.2757862], [-4.5131081, 53.2757213], [-4.5130476, 53.2756619], [-4.5129263, 53.27558], [-4.5127344, 53.2754686]], [[-4.5134801, 53.2749248], [-4.5137783, 53.2749443], [-4.5139262, 53.2749477], [-4.5140611, 53.274931], [-4.5141879, 53.2748979], [-4.5142888, 53.2748585]], [[-4.5155794, 53.2754563], [-4.5163938, 53.2757542], [-4.5172264, 53.2760341], [-4.5189074, 53.2765648], [-4.5193332, 53.2767278]], [[-4.5191669, 53.2768101], [-4.5184535, 53.2766742], [-4.5171941, 53.2764246], [-4.5160217, 53.276171], [-4.5152085, 53.2759878], [-4.514924, 53.2759436]], [[-4.5491799, 53.2796171], [-4.5485982, 53.2797899], [-4.5479393, 53.2799651], [-4.5472167, 53.2801333], [-4.5466049, 53.2802571], [-4.5453855, 53.2804681], [-4.5447183, 53.2805454]], [[-4.5456094, 53.2802006], [-4.5461914, 53.2800095], [-4.546622, 53.2798743], [-4.5471718, 53.2796711], [-4.5476767, 53.2794566], [-4.5484613, 53.2791035]], [[-4.5511457, 53.2788852], [-4.5508979, 53.279036], [-4.5507555, 53.2791492], [-4.5507234, 53.2792011], [-4.5507131, 53.2792531], [-4.5507082, 53.2793244]], [[-4.5501905, 53.2782772], [-4.5517468, 53.2779416], [-4.552954, 53.2776568], [-4.5540083, 53.2774307], [-4.5545051, 53.2773692]], [[-4.6143389, 53.2960599], [-4.6152636, 53.2963261]], [[-4.6142689, 53.2961562], [-4.6115496, 53.2953825], [-4.6105249, 53.2951089], [-4.6096151, 53.294887], [-4.6083846, 53.2946149], [-4.6071819, 53.2943877], [-4.6060137, 53.2941948], [-4.6049461, 53.2940457], [-4.6037506, 53.2938965], [-4.6021266, 53.293731], [-4.6000302, 53.2935058], [-4.5993121, 53.29343], [-4.5984582, 53.2933427], [-4.5968655, 53.29318], [-4.5964336, 53.2931321]], [[-3.4697901, 53.2606239], [-3.4690312, 53.2605071]], [[-3.4691024, 53.2603516], [-3.4698429, 53.2604707]], [[-3.5065487, 53.2657985], [-3.5057734, 53.265828], [-3.5045092, 53.2659283]], [[-3.5065399, 53.2656891], [-3.506833, 53.2656778], [-3.5074821, 53.2656746], [-3.5081528, 53.2656902], [-3.5087935, 53.2657241], [-3.5095286, 53.2657799], [-3.5102045, 53.2658543], [-3.5108428, 53.2659387], [-3.511551, 53.2660514], [-3.5121679, 53.2661671], [-3.5126722, 53.2662751], [-3.5131603, 53.2663956], [-3.5137799, 53.2665569]], [[-3.6408172, 53.2915425], [-3.6404641, 53.2916044]], [[-3.6407602, 53.2914422], [-3.6425877, 53.2910977]], [[-3.974125, 53.259748], [-3.9736181, 53.2598912]], [[-3.9734521, 53.2598225], [-3.9740558, 53.2596502]], [[-4.002005, 53.2417246], [-4.001635, 53.2419531], [-4.0012814, 53.2421842], [-4.0008533, 53.2424725], [-4.0006666, 53.2426075]], [[-4.0142837, 53.2359728], [-4.0147928, 53.2357975], [-4.015365, 53.2356147], [-4.0156735, 53.2355167]], [[-4.0185061, 53.2347435], [-4.0201687, 53.2342824], [-4.021269, 53.2339692]], [[-4.1057861, 53.2057932], [-4.1056121, 53.205861], [-4.1053705, 53.205972], [-4.1046238, 53.2063459], [-4.1040277, 53.2066353], [-4.1037066, 53.2067848], [-4.103362, 53.2069369], [-4.1030514, 53.2070674], [-4.1026979, 53.2072114], [-4.1023323, 53.2073554], [-4.1017186, 53.207543]], [[-4.1051336, 53.2053418], [-4.1052344, 53.2052592], [-4.105311, 53.2051778], [-4.1053687, 53.205083], [-4.1053947, 53.2050282], [-4.1054106, 53.2049948], [-4.1054363, 53.2049151], [-4.1054887, 53.204825]], [[-3.0912665, 53.1974119], [-3.0934248, 53.1980578], [-3.0946639, 53.198386], [-3.0952476, 53.1985395]], [[-3.0987054, 53.1994874], [-3.0981626, 53.1993865], [-3.097683, 53.1992745], [-3.0975854, 53.1992509], [-3.0961928, 53.1989198], [-3.0936515, 53.198274], [-3.0918315, 53.1977274], [-3.091171, 53.1975154]], [[-3.0952476, 53.1985395], [-3.096263, 53.1987959], [-3.0965195, 53.1988607], [-3.0980016, 53.1991846], [-3.0981986, 53.1992277], [-3.1006678, 53.1996995], [-3.1017443, 53.1998909], [-3.1026872, 53.2000391], [-3.1032338, 53.2000958]], [[-3.1031858, 53.200221], [-3.1026362, 53.2001655], [-3.1018177, 53.2000565], [-3.0987054, 53.1994874]], [[-3.1655647, 53.2256655], [-3.1644054, 53.2249385], [-3.1608739, 53.2229059], [-3.1597252, 53.2222731], [-3.1584708, 53.221666], [-3.1569173, 53.2210226], [-3.1562332, 53.2207608], [-3.1553761, 53.2204678], [-3.1546686, 53.2202386], [-3.1534605, 53.2198968], [-3.1521881, 53.2195692], [-3.1507335, 53.2192619], [-3.1487463, 53.2188711], [-3.1478389, 53.2186597], [-3.1469342, 53.218431], [-3.1460898, 53.2181933], [-3.1452558, 53.2179188], [-3.142922, 53.2169988], [-3.1418572, 53.2164761], [-3.1407076, 53.2158784], [-3.1398317, 53.2153957], [-3.1386219, 53.2148042], [-3.1376757, 53.2143926]], [[-3.1374056, 53.2141435], [-3.1387476, 53.2147326], [-3.1395179, 53.2150978], [-3.1416691, 53.2162531], [-3.1423901, 53.2166099], [-3.1432, 53.2169876], [-3.144414, 53.2174832], [-3.1452329, 53.2177758], [-3.145906, 53.2179979], [-3.1467705, 53.218258], [-3.1477233, 53.2185093], [-3.1485279, 53.2187043], [-3.1496448, 53.2189435], [-3.1514675, 53.2193007], [-3.152098, 53.2194386], [-3.1532357, 53.2197139], [-3.1539029, 53.2198934], [-3.1545504, 53.2200847], [-3.1562134, 53.2206175], [-3.15694, 53.2208785], [-3.1576063, 53.2211393], [-3.1589496, 53.2217169], [-3.1609898, 53.2227504], [-3.1662475, 53.2258523]], [[-3.1660409, 53.2259503], [-3.1655647, 53.2256655]], [[-3.3347212, 53.2711583], [-3.332906, 53.2711595], [-3.3322313, 53.2711689], [-3.3317733, 53.2711752], [-3.3307809, 53.2712238], [-3.3300787, 53.2712679], [-3.3287931, 53.2713584]], [[-3.3287689, 53.2712076], [-3.3306959, 53.2710849], [-3.3317026, 53.2710366], [-3.3325828, 53.2710034], [-3.3347165, 53.2710033]], [[-3.3347165, 53.2710033], [-3.3354898, 53.2710167], [-3.3377948, 53.2711102]], [[-3.3666852, 53.2732677], [-3.3650346, 53.2735082], [-3.3632819, 53.2736947], [-3.3618101, 53.2737583], [-3.3603417, 53.2737608], [-3.3594086, 53.2737484], [-3.3583714, 53.2737102], [-3.3571984, 53.273614], [-3.3559857, 53.2734784], [-3.3546604, 53.2733052], [-3.3505142, 53.2726206], [-3.3495882, 53.2725016], [-3.3479436, 53.2722903], [-3.3467999, 53.2721433], [-3.3448655, 53.2719105], [-3.3439208, 53.2717968], [-3.3389169, 53.2713634], [-3.3354786, 53.2711706], [-3.3347212, 53.2711583]], [[-4.1890673, 53.2187119], [-4.1890177, 53.2186339], [-4.188921, 53.2184969], [-4.1888272, 53.21838], [-4.1887256, 53.2182775], [-4.1886376, 53.218197], [-4.1884159, 53.2179708]], [[-4.1891457, 53.2191107], [-4.1891412, 53.2190833], [-4.1890673, 53.2187119]], [[-4.1894489, 53.2190921], [-4.1894833, 53.219196], [-4.1894964, 53.219266], [-4.189507, 53.2193679], [-4.1895247, 53.219534], [-4.1895304, 53.219668], [-4.1895299, 53.2198444], [-4.189516, 53.2199894]], [[-4.0336562, 53.2304316], [-4.0341236, 53.2302597], [-4.0343939, 53.2301782], [-4.0344834, 53.2301417], [-4.0345301, 53.2301015], [-4.0345545, 53.2300468], [-4.0345566, 53.2300018], [-4.0345347, 53.2299365]], [[-4.0345347, 53.2299365], [-4.0345972, 53.2299823], [-4.0346643, 53.2300066], [-4.0347619, 53.2300285], [-4.0348574, 53.2300334], [-4.0349509, 53.2300212], [-4.0351461, 53.229975], [-4.0359463, 53.2298124]], [[-3.9967025, 53.246534], [-3.9966502, 53.2465138], [-3.9966024, 53.2465059], [-3.9965658, 53.2465071], [-3.9964838, 53.2465156], [-3.9964059, 53.2465308]], [[-4.6303231, 53.3072773], [-4.6303181, 53.3073592], [-4.63031, 53.3074096], [-4.6303012, 53.3074289], [-4.6302832, 53.3074699]], [[-4.6300933, 53.3073801], [-4.6301626, 53.3073616], [-4.6302178, 53.307342], [-4.6302596, 53.3073223], [-4.6303231, 53.3072773]], [[-4.6319373, 53.306232], [-4.6318008, 53.3062597]], [[-4.1816804, 53.2131774], [-4.1815221, 53.213054], [-4.1814861, 53.2130259]], [[-4.1832794, 53.2143206], [-4.1823353, 53.213656], [-4.1819972, 53.2134146], [-4.1816804, 53.2131774]], [[-3.8521044, 53.2886771], [-3.8521945, 53.2886391], [-3.8522417, 53.2886076], [-3.8522738, 53.2885785], [-3.8523035, 53.2885466], [-3.8523455, 53.2884902]], [[-3.8528051, 53.2892306], [-3.8527982, 53.2892394], [-3.8527569, 53.2892925], [-3.8527178, 53.2893606]], [[-3.8529726, 53.2891468], [-3.8527772, 53.2891537]], [[-4.0178138, 53.234928], [-4.0182843, 53.2348046]], [[-4.0159016, 53.2354499], [-4.0160983, 53.2353921]], [[-3.9981944, 53.2444111], [-3.9984492, 53.2441867]], [[-3.8873507, 53.2859798], [-3.8880023, 53.2857411], [-3.8885536, 53.2855274], [-3.889401, 53.2851903], [-3.8901412, 53.2848956], [-3.8908368, 53.2846148]], [[-3.8578681, 53.2876114], [-3.8584318, 53.2874554], [-3.8588471, 53.2873507], [-3.8592052, 53.2872661]], [[-3.8596288, 53.2872637], [-3.8592487, 53.2873523], [-3.8588759, 53.2874441], [-3.8584351, 53.2875578], [-3.8579497, 53.2876864], [-3.8575143, 53.287816]], [[-3.8908368, 53.2846148], [-3.8914831, 53.2843602], [-3.8920865, 53.2841189]], [[-3.9390812, 53.2675663], [-3.9388431, 53.2676028], [-3.9381757, 53.2676973]], [[-4.0204478, 53.2343195], [-4.01888, 53.2347601]], [[-4.0213412, 53.2340661], [-4.0204478, 53.2343195]], [[-3.9688947, 53.2618011], [-3.969693, 53.2614084], [-3.9701072, 53.2612116], [-3.9706075, 53.2609713], [-3.9713868, 53.2605962]], [[-4.1885105, 53.2209775], [-4.1884505, 53.2209437], [-4.1884039, 53.2209065], [-4.1883578, 53.2208524], [-4.1883308, 53.2208005], [-4.1883255, 53.2207467]], [[-4.1892154, 53.219107], [-4.1891911, 53.2190022], [-4.1891616, 53.2189117], [-4.189124, 53.2188309], [-4.1890673, 53.2187119]], [[-4.1894837, 53.2207143], [-4.1893853, 53.2208079], [-4.1892924, 53.220876]], [[-4.1757186, 53.2064158], [-4.1758256, 53.2065162], [-4.1760625, 53.2067686], [-4.1763098, 53.2070553], [-4.1766607, 53.2074898], [-4.1770894, 53.2080178]], [[-4.1748755, 53.205995], [-4.1745288, 53.2056698]], [[-4.1749298, 53.2059433], [-4.1745288, 53.2056698]], [[-3.7006841, 53.2927831], [-3.7014345, 53.2927997]], [[-3.6973642, 53.2927094], [-3.7006841, 53.2927831]], [[-3.9442291, 53.2668245], [-3.9439162, 53.2668176], [-3.9436306, 53.2668188], [-3.9433123, 53.2668278], [-3.9430285, 53.2668432], [-3.9427286, 53.2668682], [-3.9425102, 53.2668938], [-3.9423147, 53.2669202]], [[-4.1730574, 53.204776], [-4.1734435, 53.2049415], [-4.1737613, 53.2050888], [-4.174051, 53.205238], [-4.1744602, 53.2054736], [-4.1747544, 53.2056578], [-4.1750293, 53.2058487]], [[-4.1911979, 53.2241997], [-4.1912711, 53.2242098], [-4.1913694, 53.2242143], [-4.1914387, 53.2242145], [-4.1915348, 53.2242071]], [[-4.5585834, 53.2770625], [-4.5576843, 53.2771109], [-4.5567578, 53.2771947], [-4.5557079, 53.2773315], [-4.55459, 53.2775352], [-4.5540134, 53.2776555], [-4.5533823, 53.2778104], [-4.5527688, 53.2779786], [-4.5521437, 53.2781739], [-4.5515469, 53.2783862], [-4.5500043, 53.2789786]], [[-4.5498744, 53.2788315], [-4.5513628, 53.2782639], [-4.5520252, 53.2780307], [-4.5526546, 53.2778315], [-4.5533424, 53.2776406], [-4.5545051, 53.2773692], [-4.5550984, 53.2772559], [-4.5557138, 53.2771617], [-4.5564411, 53.2770662], [-4.5571113, 53.2769954], [-4.5577963, 53.2769394], [-4.5584775, 53.2769079]], [[-2.9647636, 53.1624625], [-2.9627735, 53.1620278]], [[-4.1888563, 53.2208007], [-4.1888061, 53.2209411], [-4.1887619, 53.2210839]], [[-4.1885702, 53.2211206], [-4.1886026, 53.2209871], [-4.188645, 53.2208501]], [[-4.1885339, 53.2213704], [-4.1885485, 53.2212455], [-4.1885702, 53.2211206]], [[-4.1840989, 53.2149012], [-4.1832794, 53.2143206]], [[-4.1841986, 53.2149712], [-4.1840989, 53.2149012]], [[-4.1855628, 53.2159353], [-4.1841986, 53.2149712]], [[-4.1856999, 53.2160304], [-4.1855628, 53.2159353]], [[-4.187962, 53.2176412], [-4.187159, 53.2170667]], [[-4.187159, 53.2170667], [-4.1870665, 53.2169975]], [[-4.1893848, 53.2190979], [-4.189412, 53.2192047], [-4.189429, 53.219318], [-4.1894297, 53.2194362], [-4.1894095, 53.2195506], [-4.1893832, 53.2196736], [-4.1893643, 53.2197382]], [[-4.6232129, 53.298877], [-4.6232381, 53.2989515], [-4.6232796, 53.2990302], [-4.6233353, 53.2990938], [-4.6234155, 53.2991576]], [[-4.1805716, 53.2123265], [-4.1802603, 53.2120327], [-4.1800161, 53.211791], [-4.1797841, 53.2115517], [-4.1795314, 53.2112777], [-4.1792148, 53.210908]], [[-4.1792148, 53.210908], [-4.1790907, 53.210765]], [[-4.1752576, 53.2060206], [-4.1754075, 53.2061392], [-4.1755728, 53.2062822], [-4.1757186, 53.2064158]], [[-4.1745288, 53.2056698], [-4.1742898, 53.2055177], [-4.1739345, 53.205317], [-4.1734999, 53.2050996], [-4.1729621, 53.2048617]], [[-4.1727225, 53.2046478], [-4.1730574, 53.204776]], [[-4.1729621, 53.2048617], [-4.1726273, 53.2047353]], [[-4.1792525, 53.2107248], [-4.1793813, 53.2108737]], [[-4.1953423, 53.2270734], [-4.194802, 53.2268506], [-4.1944489, 53.2266796], [-4.1941727, 53.2265436], [-4.1935955, 53.2262289], [-4.1931803, 53.2259798], [-4.1926213, 53.225603], [-4.1921328, 53.2252484]], [[-4.1921328, 53.2252484], [-4.191877, 53.2250627], [-4.1912905, 53.2246281]], [[-4.1912905, 53.2246281], [-4.1910055, 53.2244183]], [[-4.1909007, 53.2247886], [-4.1908789, 53.2246236], [-4.1908727, 53.2245764], [-4.1908682, 53.2245263]], [[-4.1908682, 53.2245263], [-4.1908299, 53.2244831], [-4.1907527, 53.224401], [-4.1906835, 53.2243392], [-4.1906263, 53.2242929]], [[-4.1911979, 53.2241997], [-4.191257, 53.2242391], [-4.1913043, 53.2242808], [-4.1913281, 53.2243017], [-4.1913713, 53.2243331]], [[-4.1910889, 53.2243072], [-4.1914057, 53.2245445]], [[-4.1914057, 53.2245445], [-4.1922688, 53.2251795]], [[-4.1899261, 53.2204974], [-4.1900587, 53.2205076], [-4.1901608, 53.2205084], [-4.1902848, 53.2205003], [-4.1907197, 53.2204895]], [[-4.1755706, 53.2064736], [-4.175327, 53.2062556], [-4.1751595, 53.2061175]], [[-4.1753916, 53.2065274], [-4.1753263, 53.2064213], [-4.1752671, 53.2063384], [-4.1751893, 53.206255], [-4.1750983, 53.2061753]], [[-4.3054399, 53.2327195], [-4.3030016, 53.2320319], [-4.3021874, 53.2318021], [-4.3007385, 53.2314015], [-4.2995996, 53.2311083], [-4.2984481, 53.2308371], [-4.29753, 53.2306387], [-4.2967621, 53.2304788], [-4.29601, 53.2303341], [-4.2944136, 53.2300321], [-4.2934936, 53.2298467]], [[-4.2605864, 53.2261063], [-4.2601489, 53.2260421]], [[-4.2601839, 53.2259427], [-4.2606364, 53.2260103]], [[-4.2606364, 53.2260103], [-4.261607, 53.2261534], [-4.262972, 53.2263322], [-4.2643828, 53.2265038], [-4.2655369, 53.2266172], [-4.2661315, 53.2266738], [-4.2673564, 53.2267753], [-4.2690182, 53.2268866], [-4.2701602, 53.2269446], [-4.2713133, 53.2269884], [-4.2728544, 53.2270221], [-4.274355, 53.2270571], [-4.2760182, 53.227092], [-4.2772453, 53.2271199], [-4.2783091, 53.2271506], [-4.2790702, 53.2271859], [-4.2798029, 53.227231], [-4.2807868, 53.227307], [-4.2812907, 53.2273506], [-4.2819207, 53.2274089]], [[-4.2028165, 53.2276437], [-4.2032876, 53.22755]], [[-4.2032876, 53.22755], [-4.2040469, 53.2273724], [-4.2046824, 53.2271884], [-4.2053667, 53.2269447], [-4.206028, 53.2266697], [-4.2067342, 53.2263538], [-4.2078727, 53.2258243], [-4.2091022, 53.2252488], [-4.2109173, 53.2243995], [-4.2116476, 53.224062], [-4.2123406, 53.2237484], [-4.2130158, 53.2234648], [-4.2135796, 53.2232613], [-4.2139712, 53.2231299], [-4.2143829, 53.2230088], [-4.2147945, 53.2228999], [-4.2153241, 53.2227728], [-4.2159029, 53.2226582], [-4.2164514, 53.2225674], [-4.2170514, 53.2224875]], [[-4.2034333, 53.2276407], [-4.2030042, 53.2277208]], [[-4.2030042, 53.2277208], [-4.2027566, 53.227767], [-4.2023019, 53.2278317], [-4.2017985, 53.2278915], [-4.2010115, 53.2279432], [-4.2002896, 53.2279549], [-4.1996841, 53.2279432], [-4.1990672, 53.2279053], [-4.1983536, 53.2278292], [-4.1976813, 53.227721], [-4.1970245, 53.2275856], [-4.1964368, 53.2274361], [-4.1959376, 53.227285], [-4.1953423, 53.2270734]], [[-4.2195943, 53.222373], [-4.2200182, 53.2223908], [-4.2204608, 53.2224142], [-4.2210386, 53.2224642], [-4.2216273, 53.2225267], [-4.2223567, 53.2226341], [-4.2232636, 53.2227779], [-4.2247364, 53.2230207], [-4.2262542, 53.2232379], [-4.2278917, 53.2234513], [-4.2294705, 53.2236222], [-4.2305365, 53.2237252], [-4.2316309, 53.2238201]], [[-4.2316309, 53.2238201], [-4.2320279, 53.2238505]], [[-4.2319466, 53.223956], [-4.2315742, 53.2239265]], [[-4.2315742, 53.2239265], [-4.2307815, 53.223859], [-4.2293734, 53.2237203], [-4.2277773, 53.2235443], [-4.2262755, 53.2233487], [-4.2250959, 53.2231822], [-4.2240166, 53.2230144], [-4.2230885, 53.2228584], [-4.2219479, 53.2226931], [-4.221415, 53.2226332], [-4.2209171, 53.22259], [-4.2205273, 53.222564], [-4.2200954, 53.2225408], [-4.219592, 53.222528]], [[-4.2170514, 53.2224875], [-4.2176893, 53.22243], [-4.2182195, 53.2223907], [-4.2187964, 53.222371], [-4.2192578, 53.2223663]], [[-4.2192578, 53.2223663], [-4.2195943, 53.222373]], [[-4.219592, 53.222528], [-4.2192733, 53.2225281]], [[-4.2192733, 53.2225281], [-4.2188325, 53.2225323], [-4.2183568, 53.2225522], [-4.2178064, 53.2225875], [-4.2171222, 53.2226509]], [[-4.2822599, 53.2275589], [-4.2819001, 53.2275186]], [[-4.2819001, 53.2275186], [-4.2813493, 53.2274655], [-4.2805831, 53.2274013], [-4.2798535, 53.227342], [-4.2791728, 53.2272988], [-4.278549, 53.2272678], [-4.2772024, 53.2272261], [-4.2748668, 53.2271782], [-4.2730024, 53.2271362], [-4.2712709, 53.2270945], [-4.2702999, 53.2270571], [-4.269671, 53.2270302], [-4.268056, 53.2269324], [-4.2668228, 53.2268426], [-4.2658062, 53.2267548], [-4.2648861, 53.2266592], [-4.2637087, 53.2265316], [-4.262557, 53.2263901], [-4.2614401, 53.226239], [-4.2605864, 53.2261063]], [[-4.2819207, 53.2274089], [-4.2822866, 53.2274511]], [[-4.2935413, 53.2297422], [-4.2943728, 53.2299111], [-4.2953243, 53.2300935], [-4.2967093, 53.230353], [-4.2979902, 53.2306167], [-4.2995161, 53.2309683], [-4.3005835, 53.2312381], [-4.302248, 53.2316977], [-4.304377, 53.2322993], [-4.3055641, 53.2326329]], [[-4.1811605, 53.2128327], [-4.180774, 53.2125088], [-4.1805716, 53.2123265]], [[-4.1796192, 53.2111652], [-4.1798329, 53.2114111], [-4.1800478, 53.211633], [-4.1802096, 53.2117956]], [[-4.1550522, 53.2068013], [-4.1553864, 53.206579], [-4.155618, 53.2064314], [-4.1558585, 53.2062668]], [[-4.1632872, 53.2041174], [-4.1640316, 53.20406], [-4.1645601, 53.2040151], [-4.1651644, 53.203952], [-4.1661471, 53.203903]], [[-4.1596324, 53.2043321], [-4.1597078, 53.2043629], [-4.1597518, 53.2043745], [-4.15978, 53.2043781], [-4.1598203, 53.2043833], [-4.1598813, 53.2043845], [-4.1600742, 53.2043696], [-4.1603987, 53.2043383]], [[-4.1523312, 53.2053105], [-4.151815, 53.2052679], [-4.1513356, 53.2052118], [-4.1508386, 53.2051419], [-4.1502607, 53.2050428], [-4.1496188, 53.2049097], [-4.1490938, 53.2047792], [-4.148624, 53.204646], [-4.1480152, 53.2044522], [-4.147509, 53.2042737], [-4.1468717, 53.2040357], [-4.1460575, 53.2037309], [-4.1455183, 53.2035359], [-4.1448884, 53.2033257], [-4.1443568, 53.203162], [-4.1441193, 53.2030939]], [[-4.1441863, 53.202998], [-4.1444178, 53.2030656], [-4.1449827, 53.2032352], [-4.1456103, 53.2034442], [-4.1461642, 53.2036435], [-4.1469543, 53.2039393], [-4.1476316, 53.2041923], [-4.1481246, 53.2043632], [-4.1487209, 53.2045552], [-4.1491939, 53.2046891], [-4.1497302, 53.2048198], [-4.1502963, 53.2049379], [-4.1508945, 53.2050402], [-4.1513698, 53.2051111], [-4.1519658, 53.205178], [-4.1523607, 53.2052101], [-4.1528819, 53.2052408]], [[-4.1366456, 53.2011507], [-4.1370397, 53.2012478]], [[-4.1370145, 53.2013527], [-4.136628, 53.2012575]], [[-4.1073601, 53.2044711], [-4.1070538, 53.2046532]], [[-4.1070538, 53.2046532], [-4.1060989, 53.2052439]], [[-4.1060989, 53.2052439], [-4.1058072, 53.2054251]], [[-4.1069262, 53.2045798], [-4.1072071, 53.2044089]], [[-4.105971, 53.2051689], [-4.1069262, 53.2045798]], [[-4.1056814, 53.2053472], [-4.105971, 53.2051689]], [[-4.6271197, 53.3022451], [-4.6272932, 53.3023609]], [[-4.6295702, 53.3041299], [-4.6289762, 53.3037275], [-4.6286006, 53.3034626], [-4.6281661, 53.3031273], [-4.6277604, 53.3028229], [-4.6271923, 53.3024209]], [[-4.6271923, 53.3024209], [-4.6270104, 53.3023026]], [[-4.6258357, 53.3013347], [-4.6263478, 53.3017013], [-4.626709, 53.3019619], [-4.6271197, 53.3022451]], [[-4.6256487, 53.3012078], [-4.6258357, 53.3013347]], [[-4.6270104, 53.3023026], [-4.6264846, 53.3019577], [-4.6261753, 53.3017533], [-4.6257199, 53.3014398]], [[-4.6257199, 53.3014398], [-4.6255148, 53.3012998]], [[-4.6229879, 53.2997989], [-4.6227865, 53.299676], [-4.6226828, 53.2996382], [-4.6225785, 53.2996176], [-4.6224356, 53.2996061]], [[-4.6255148, 53.3012998], [-4.6249371, 53.3008762], [-4.6238387, 53.3000664], [-4.6232844, 53.2996706], [-4.6227919, 53.2993463]], [[-4.6227919, 53.2993463], [-4.6224425, 53.2991384]], [[-4.6229173, 53.2992544], [-4.6234401, 53.2995998], [-4.6239629, 53.2999903], [-4.6244983, 53.3004007], [-4.6247684, 53.3005983], [-4.6250549, 53.3007959], [-4.6256487, 53.3012078]], [[-4.6225377, 53.2990269], [-4.6229173, 53.2992544]], [[-4.596172, 53.2931031], [-4.5954812, 53.2930266], [-4.5942293, 53.2928426], [-4.5934936, 53.2927093], [-4.5927349, 53.2925553], [-4.5918966, 53.2923662], [-4.5911311, 53.2921703], [-4.590113, 53.2918753], [-4.5889449, 53.2915163], [-4.5883576, 53.2913254]], [[-4.5884303, 53.2912265], [-4.5895512, 53.2915819], [-4.5902892, 53.2917999], [-4.5909841, 53.2919944], [-4.5917885, 53.2921962], [-4.5925729, 53.292377], [-4.5935308, 53.2925768], [-4.5945145, 53.2927491], [-4.5953731, 53.2928764], [-4.5962234, 53.2929869]], [[-4.5962234, 53.2929869], [-4.5964761, 53.2930177]], [[-4.5964336, 53.2931321], [-4.596172, 53.2931031]], [[-4.5698726, 53.2795131], [-4.5693052, 53.2792035], [-4.5684696, 53.2787931], [-4.5675424, 53.2784065], [-4.5669394, 53.2781903], [-4.5663531, 53.2780013], [-4.5653235, 53.2777274], [-4.5643119, 53.2775142], [-4.5632463, 53.277335], [-4.5623248, 53.2772129], [-4.5612923, 53.2771163], [-4.5602028, 53.2770602], [-4.5595843, 53.2770524], [-4.5589657, 53.2770558]], [[-4.5588684, 53.276893], [-4.559448, 53.2768871], [-4.5600998, 53.276895], [-4.5613107, 53.276953], [-4.5624333, 53.2770621], [-4.5633462, 53.2771864], [-4.5643778, 53.2773653], [-4.5651961, 53.2775516], [-4.5660332, 53.2777662], [-4.5668434, 53.2780177], [-4.5677929, 53.2783584], [-4.5687839, 53.2787729], [-4.5695555, 53.2791509], [-4.5701315, 53.2794616]], [[-4.5701315, 53.2794616], [-4.5704805, 53.2796708]], [[-4.5702477, 53.2797366], [-4.5700391, 53.2796123], [-4.5698726, 53.2795131]], [[-4.549556, 53.278959], [-4.5498744, 53.2788315]], [[-4.5500043, 53.2789786], [-4.5496921, 53.2790988]], [[-4.5337043, 53.2803529], [-4.5322676, 53.2801169], [-4.5312945, 53.279926], [-4.5304006, 53.2797351], [-4.5298992, 53.2796197], [-4.5285273, 53.2792769], [-4.5266931, 53.2787919], [-4.5249661, 53.2783329], [-4.5224306, 53.2776668], [-4.5210276, 53.2772942], [-4.5191669, 53.2768101], [-4.517072, 53.2762655], [-4.5142814, 53.2755727]], [[-4.5144545, 53.2754371], [-4.5157381, 53.275778], [-4.5170593, 53.2761264], [-4.5193332, 53.2767278], [-4.5207091, 53.2770898], [-4.5221855, 53.2774807], [-4.5245115, 53.2780904], [-4.5267825, 53.2786935], [-4.5291099, 53.2793055], [-4.5301926, 53.2795701], [-4.5314892, 53.2798488], [-4.5325541, 53.2800477], [-4.5337814, 53.2802426]], [[-4.5139996, 53.2753191], [-4.5144545, 53.2754371]], [[-4.5142814, 53.2755727], [-4.5138339, 53.2754577]], [[-4.4926618, 53.2718522], [-4.4922034, 53.2716633], [-4.4913798, 53.2712699], [-4.4905628, 53.270826], [-4.4898977, 53.2703999], [-4.4887784, 53.2695602], [-4.488065, 53.2690083], [-4.4871571, 53.2683398], [-4.4864317, 53.2678659], [-4.4857884, 53.2674829], [-4.4847557, 53.2669281], [-4.4836335, 53.2664079], [-4.4827906, 53.2660334], [-4.4819779, 53.2657321], [-4.481384, 53.2655233]], [[-4.4928106, 53.2719136], [-4.4926618, 53.2718522]], [[-4.4815933, 53.2654398], [-4.4822187, 53.2656602], [-4.4830884, 53.2660018], [-4.4839994, 53.266399], [-4.4849589, 53.2668509], [-4.4859605, 53.2673901], [-4.4868363, 53.2679185], [-4.4876295, 53.2684587], [-4.488406, 53.2690657], [-4.4895208, 53.2699443], [-4.4901494, 53.2703921], [-4.490679, 53.2707117], [-4.4913305, 53.2710758], [-4.4921165, 53.2714812], [-4.4927583, 53.2717653]], [[-4.4927583, 53.2717653], [-4.4929036, 53.2718297]], [[-4.4810783, 53.2654255], [-4.4800793, 53.2651257], [-4.4793222, 53.2649155], [-4.4784623, 53.2647107], [-4.4777757, 53.264571], [-4.4769018, 53.2644076], [-4.4756333, 53.2642136], [-4.4742006, 53.2640418], [-4.4726979, 53.2639067], [-4.4716028, 53.2638238], [-4.4702333, 53.263704], [-4.4685702, 53.2635536], [-4.4678514, 53.2634803], [-4.466735, 53.2633665], [-4.4649714, 53.2631766], [-4.4632602, 53.2629739], [-4.4610867, 53.2626963], [-4.4600309, 53.2625511], [-4.4571086, 53.2621065], [-4.4552264, 53.2618088], [-4.4546688, 53.2617093]], [[-4.4547131, 53.2615743], [-4.4552891, 53.2616863], [-4.4562793, 53.2618606], [-4.4575482, 53.2620653], [-4.4587062, 53.2622386], [-4.4600627, 53.2624333], [-4.4618967, 53.2626842], [-4.4637961, 53.2629215], [-4.4653214, 53.2631014], [-4.4667419, 53.2632592], [-4.4680578, 53.2633947], [-4.4686786, 53.2634535], [-4.4699694, 53.2635703], [-4.4715945, 53.263708], [-4.4729097, 53.2638118], [-4.4746194, 53.2639579], [-4.4757475, 53.2640882], [-4.4765832, 53.2642175], [-4.4775764, 53.2643917], [-4.478493, 53.2645805], [-4.4793753, 53.2647862], [-4.4803377, 53.2650509], [-4.4812839, 53.2653396]], [[-4.4543095, 53.2614929], [-4.4547131, 53.2615743]], [[-4.4546688, 53.2617093], [-4.4542505, 53.2616307]], [[-4.4542505, 53.2616307], [-4.4536969, 53.2615248], [-4.4529463, 53.2613605], [-4.4520935, 53.2611387], [-4.4514556, 53.2609427], [-4.4505319, 53.2606216], [-4.4493746, 53.2601621], [-4.4484891, 53.2598027], [-4.4470771, 53.2592302], [-4.4464629, 53.2589812], [-4.4449542, 53.258372], [-4.4435098, 53.2578068], [-4.442527, 53.2574509], [-4.4417851, 53.2572037], [-4.4414117, 53.2570908]], [[-4.4414117, 53.2570908], [-4.4410797, 53.2569904]], [[-4.4415595, 53.2570119], [-4.4428979, 53.2574578], [-4.4438433, 53.2577992], [-4.4450977, 53.2583003], [-4.4468422, 53.2589979], [-4.4486288, 53.2597235], [-4.4492035, 53.2599549], [-4.4502724, 53.2603563], [-4.4507637, 53.2605256], [-4.4513259, 53.2607189], [-4.4520544, 53.2609364], [-4.4528349, 53.26115], [-4.4536679, 53.2613507], [-4.4543095, 53.2614929]], [[-4.4411992, 53.2568967], [-4.4415595, 53.2570119]], [[-4.4410797, 53.2569904], [-4.4402288, 53.256743], [-4.4394779, 53.2565404], [-4.4373085, 53.256013], [-4.4361149, 53.2556889], [-4.4355918, 53.2555387], [-4.4349384, 53.2553366], [-4.4340938, 53.255057], [-4.4332959, 53.2547774], [-4.4324068, 53.2544398], [-4.4317188, 53.2541723], [-4.4309041, 53.2538706], [-4.4303831, 53.2536849], [-4.4293021, 53.2533349], [-4.4279476, 53.252935]], [[-4.4279476, 53.252935], [-4.4270351, 53.2526923]], [[-4.4281521, 53.2528685], [-4.4296292, 53.2533144], [-4.4309296, 53.2537574], [-4.4319781, 53.2541499], [-4.4328024, 53.2544608], [-4.4335578, 53.2547426], [-4.4344065, 53.2550439], [-4.4352543, 53.255311], [-4.4357183, 53.2554545], [-4.4365238, 53.2556803], [-4.437414, 53.2559173], [-4.4391225, 53.2563316], [-4.4403395, 53.2566549], [-4.4411992, 53.2568967]], [[-4.4272114, 53.2526225], [-4.4281521, 53.2528685]], [[-4.4270351, 53.2526923], [-4.4252332, 53.2522837], [-4.4238465, 53.2520124], [-4.4226476, 53.25182], [-4.4215425, 53.2516657], [-4.4201343, 53.2515132], [-4.4185813, 53.2513867], [-4.4175111, 53.2513271], [-4.4160047, 53.2512715]], [[-4.41607, 53.2511666], [-4.417331, 53.2512082], [-4.4185519, 53.2512718], [-4.4201857, 53.2514037], [-4.4215391, 53.2515501], [-4.4230499, 53.2517674], [-4.4243987, 53.2520059], [-4.4260589, 53.2523465], [-4.4272114, 53.2526225]], [[-4.4156979, 53.2511496], [-4.41607, 53.2511666]], [[-4.4160047, 53.2512715], [-4.4156532, 53.2512552]], [[-4.4156532, 53.2512552], [-4.4144566, 53.2511995], [-4.4131455, 53.2511175], [-4.4120126, 53.2510205], [-4.4104385, 53.2508501]], [[-4.4104385, 53.2508501], [-4.4100246, 53.2508025]], [[-4.4104499, 53.2507481], [-4.4118741, 53.2508966], [-4.4130929, 53.2510008], [-4.4143905, 53.2510941], [-4.4156979, 53.2511496]], [[-4.4100209, 53.2506999], [-4.4104499, 53.2507481]], [[-4.4100246, 53.2508025], [-4.4088673, 53.2506526], [-4.4079555, 53.250527], [-4.4070344, 53.2503756], [-4.406219, 53.2502359], [-4.4054653, 53.2500962], [-4.4043373, 53.2498711], [-4.4032257, 53.2496341], [-4.401696, 53.2492609], [-4.4000946, 53.2488297], [-4.3988851, 53.2484941], [-4.3978334, 53.2482072], [-4.3962429, 53.2477735], [-4.3941806, 53.2472049], [-4.3930949, 53.2469066], [-4.3916536, 53.2465098], [-4.3907588, 53.2462605], [-4.3883498, 53.2455966], [-4.3865056, 53.2450914], [-4.3847024, 53.2445945], [-4.3833787, 53.2442329], [-4.3818565, 53.2438356], [-4.3808613, 53.2435874], [-4.379832, 53.2433566], [-4.378399, 53.243065]], [[-4.378409, 53.2429495], [-4.3796445, 53.2431931], [-4.3809732, 53.2434916], [-4.3822844, 53.243812], [-4.384035, 53.2442933], [-4.3859607, 53.2448174], [-4.3896867, 53.2458506], [-4.3916642, 53.2463968], [-4.3931463, 53.2468026], [-4.3944374, 53.2471556], [-4.3954025, 53.2474203], [-4.3963765, 53.2476899], [-4.3979725, 53.2481273], [-4.4007811, 53.2489016], [-4.4017933, 53.2491681], [-4.4027535, 53.2494073], [-4.4034925, 53.2495741], [-4.4041376, 53.2497178], [-4.4054448, 53.2499809], [-4.4061653, 53.2501142], [-4.406995, 53.250265], [-4.4084278, 53.2504853], [-4.4092686, 53.2506012], [-4.4100209, 53.2506999]], [[-4.378034, 53.242875], [-4.378409, 53.2429495]], [[-4.378399, 53.243065], [-4.3780156, 53.2429924]], [[-4.3780156, 53.2429924], [-4.3772324, 53.24285], [-4.3756606, 53.2425917], [-4.3739806, 53.242358], [-4.3724836, 53.2421809], [-4.3708461, 53.2420344], [-4.3691746, 53.2419159], [-4.3681134, 53.2418403], [-4.3670642, 53.2417633], [-4.3644927, 53.241576], [-4.362628, 53.2414459], [-4.3605755, 53.2413029], [-4.3594704, 53.2412259], [-4.3573277, 53.2410619], [-4.3549756, 53.2408945], [-4.3535052, 53.2407852], [-4.3526269, 53.2407383], [-4.351685, 53.2407104], [-4.3509065, 53.2407086], [-4.3502923, 53.240719], [-4.3496781, 53.2407506]], [[-4.349883, 53.2406029], [-4.3505383, 53.2405801], [-4.351156, 53.2405756], [-4.3520944, 53.2405959], [-4.3531178, 53.2406479], [-4.3553256, 53.2408097], [-4.3582554, 53.2410138], [-4.3628763, 53.2413543], [-4.3648344, 53.2414953], [-4.3664042, 53.2416091], [-4.3683289, 53.2417462], [-4.3712793, 53.2419669], [-4.3726824, 53.2420936], [-4.3743133, 53.2422864], [-4.3758014, 53.2424974], [-4.3772752, 53.2427381], [-4.378034, 53.242875]], [[-4.3493517, 53.2406337], [-4.349883, 53.2406029]], [[-4.3496781, 53.2407506], [-4.3491879, 53.2407859]], [[-4.3491879, 53.2407859], [-4.3485217, 53.2408478], [-4.3480071, 53.2409095], [-4.3474087, 53.2409914], [-4.3468349, 53.2410844], [-4.346041, 53.2412337], [-4.3447832, 53.2415113], [-4.343522, 53.241795], [-4.3427717, 53.2419413], [-4.3420597, 53.2420535], [-4.3412614, 53.2421657], [-4.340569, 53.2422427], [-4.3398828, 53.2422975], [-4.3392731, 53.2423294], [-4.3386942, 53.2423503], [-4.3380734, 53.2423498], [-4.3374834, 53.2423382], [-4.3365507, 53.2422975], [-4.3357765, 53.242234], [-4.3349346, 53.2421372], [-4.3342632, 53.2420371]], [[-4.3343374, 53.2419146], [-4.3348776, 53.2419888], [-4.335697, 53.2420908], [-4.3365959, 53.2421664], [-4.3374922, 53.2422043], [-4.3383761, 53.2422144], [-4.3392116, 53.2421978], [-4.3400427, 53.2421479], [-4.340933, 53.2420683], [-4.341831, 53.2419507], [-4.342955, 53.2417627], [-4.3441892, 53.2415016], [-4.3457253, 53.2411501], [-4.3466889, 53.2409595], [-4.3476155, 53.2408168], [-4.3485308, 53.2407041], [-4.3493517, 53.2406337]], [[-4.3339985, 53.2418611], [-4.3343374, 53.2419146]], [[-4.3342632, 53.2420371], [-4.3339278, 53.2419779]], [[-4.3339278, 53.2419779], [-4.3334747, 53.2418979], [-4.3327563, 53.2417525], [-4.3319224, 53.2415449], [-4.3306646, 53.2411886], [-4.329527, 53.2408332], [-4.3288931, 53.240616], [-4.3282561, 53.2403876], [-4.3274697, 53.2400867], [-4.3267752, 53.2398032], [-4.3259923, 53.2394658], [-4.3254591, 53.2392213]], [[-4.3254591, 53.2392213], [-4.3251358, 53.2390681]], [[-4.3255805, 53.2391403], [-4.3265631, 53.2395841], [-4.3273468, 53.2399069], [-4.3281739, 53.2402331], [-4.3289891, 53.2405237], [-4.3297713, 53.2407888], [-4.3306425, 53.2410609], [-4.331376, 53.2412745], [-4.3322254, 53.2414974], [-4.3332135, 53.241716], [-4.3339985, 53.2418611]], [[-4.325245, 53.2389868], [-4.3255805, 53.2391403]], [[-4.2822866, 53.2274511], [-4.2832585, 53.2275678], [-4.2840522, 53.2276798], [-4.2849766, 53.2278254], [-4.286016, 53.2280059], [-4.2868218, 53.2281626], [-4.2877429, 53.2283561]], [[-4.2877429, 53.2283561], [-4.2879316, 53.2284002]], [[-4.2876361, 53.2284487], [-4.2867993, 53.2282714], [-4.2852381, 53.2279791], [-4.2840723, 53.2277947], [-4.2832201, 53.2276748], [-4.2822599, 53.2275589]], [[-4.2878301, 53.2284908], [-4.2876361, 53.2284487]], [[-4.2933645, 53.2298187], [-4.292428, 53.2296038], [-4.2910458, 53.2292636], [-4.2897508, 53.2289477], [-4.2885471, 53.2286565], [-4.2878301, 53.2284908]], [[-4.2934936, 53.2298467], [-4.2933645, 53.2298187]], [[-4.2879316, 53.2284002], [-4.2886181, 53.2285557], [-4.2897123, 53.2288199], [-4.2912247, 53.2291926], [-4.2924096, 53.229479], [-4.2934153, 53.2297139]], [[-4.2934153, 53.2297139], [-4.2935413, 53.2297422]], [[-4.5496921, 53.2790988], [-4.5485132, 53.2795527], [-4.547774, 53.2798089], [-4.5469535, 53.2800534], [-4.5461274, 53.280262], [-4.5454347, 53.2804051], [-4.5447183, 53.2805454], [-4.5438978, 53.2806693], [-4.5428349, 53.2807891], [-4.5419447, 53.2808481], [-4.5409979, 53.2808902], [-4.540192, 53.2808894], [-4.5395184, 53.2808779], [-4.5384838, 53.2808326], [-4.5378636, 53.2807954]], [[-4.5338689, 53.2803799], [-4.5337043, 53.2803529]], [[-4.5339594, 53.2802706], [-4.5349121, 53.2804022], [-4.5357444, 53.2804957], [-4.5364351, 53.2805561], [-4.5375473, 53.280641], [-4.5388825, 53.2807063], [-4.5399692, 53.2807307], [-4.5410094, 53.2807256], [-4.5420389, 53.2806802], [-4.5429305, 53.2806094], [-4.5438901, 53.2804998], [-4.5448315, 53.2803499], [-4.5456094, 53.2802006], [-4.5463191, 53.2800363], [-4.5470045, 53.2798544], [-4.5477231, 53.2796335], [-4.5485338, 53.279352], [-4.549556, 53.278959]], [[-4.5337814, 53.2802426], [-4.5339594, 53.2802706]], [[-4.1884159, 53.2179708], [-4.187962, 53.2176412]], [[-4.1790907, 53.210765], [-4.1788002, 53.2104127], [-4.1783898, 53.209898], [-4.1779795, 53.209375], [-4.1774632, 53.208738]], [[-4.1771589, 53.205189], [-4.1771348, 53.205121], [-4.1770979, 53.2050656], [-4.1770459, 53.2050252], [-4.1769904, 53.2049889], [-4.1769033, 53.2049305]], [[-4.0914321, 53.2104338], [-4.0901596, 53.2107811]], [[-4.0877773, 53.21133], [-4.0890815, 53.2109652], [-4.0906254, 53.2105362], [-4.0937092, 53.2097053]], [[-4.0874318, 53.2114239], [-4.0877773, 53.21133]], [[-4.0878562, 53.2114284], [-4.0875216, 53.2115228]], [[-4.0875216, 53.2115228], [-4.0866529, 53.2117618], [-4.0853916, 53.2121083], [-4.0838657, 53.2125347], [-4.0829059, 53.2127977], [-4.0816806, 53.2131387], [-4.0806267, 53.2134337], [-4.0796218, 53.2137316], [-4.0787535, 53.2139954], [-4.0780495, 53.2142273], [-4.0768786, 53.2146348]], [[-4.0768215, 53.214532], [-4.0779629, 53.2141335], [-4.0786904, 53.2139002], [-4.0795519, 53.2136288], [-4.0805768, 53.2133252], [-4.0816563, 53.2130291], [-4.0828687, 53.2126901], [-4.0838942, 53.212406], [-4.0853151, 53.2120093], [-4.08658, 53.2116605], [-4.0874318, 53.2114239]], [[-4.0765346, 53.2146331], [-4.0768215, 53.214532]], [[-4.0768786, 53.2146348], [-4.0765815, 53.2147409]], [[-4.06603, 53.2196965], [-4.0657916, 53.2198201]], [[-4.0604324, 53.2223753], [-4.0611155, 53.2220597], [-4.0615562, 53.2218456], [-4.0621676, 53.2215466], [-4.0627509, 53.2212435], [-4.0634636, 53.2208758], [-4.064089, 53.2205532], [-4.0647484, 53.2202161], [-4.0653976, 53.2198828]], [[-4.0653976, 53.2198828], [-4.0656798, 53.219736]], [[-4.0657916, 53.2198201], [-4.0655131, 53.2199641]], [[-4.6315368, 53.3062932], [-4.6314913, 53.3062965]], [[-4.6303019, 53.3070027], [-4.630329, 53.3070786], [-4.6303438, 53.3071546], [-4.6303461, 53.3072129], [-4.6303379, 53.3072465], [-4.6303231, 53.3072773]], [[-4.6316229, 53.305765], [-4.63181, 53.3060151], [-4.6318805, 53.3061321], [-4.6319373, 53.306232]], [[-4.6318008, 53.3062597], [-4.6316683, 53.3060475], [-4.6315706, 53.3059025], [-4.6314889, 53.3057981]], [[-4.6232979, 53.2999879], [-4.6229879, 53.2997989]], [[-4.5488825, 53.278817], [-4.5488825, 53.2787741], [-4.5488673, 53.2787086]], [[-4.5141953, 53.2759545], [-4.5141189, 53.2759873], [-4.5140431, 53.2760365]], [[-4.4541666, 53.2610556], [-4.4542767, 53.2610469], [-4.4543788, 53.2610334], [-4.4544783, 53.261011]], [[-3.9533801, 53.2662373], [-3.9528603, 53.2663364], [-3.9526279, 53.2663833]], [[-4.3244896, 53.2382213], [-4.3247761, 53.2383395]], [[-4.2081468, 53.2258284], [-4.2071604, 53.2262951], [-4.2057566, 53.2269232], [-4.2049552, 53.2272225], [-4.2042423, 53.2274438], [-4.2034333, 53.2276407]], [[-4.2095501, 53.2251782], [-4.2087783, 53.2255346]], [[-4.2101404, 53.2249021], [-4.2095501, 53.2251782]], [[-4.2087783, 53.2255346], [-4.2081468, 53.2258284]], [[-4.1890615, 53.2228554], [-4.1890108, 53.222795], [-4.1888944, 53.2226331], [-4.1887394, 53.2223759], [-4.1886708, 53.222215], [-4.1886022, 53.2220254], [-4.1885445, 53.2217409], [-4.1885339, 53.2215549], [-4.1885339, 53.2213704]], [[-4.1784899, 53.2097645], [-4.1787499, 53.2100975], [-4.1790239, 53.2104389], [-4.1792525, 53.2107248]], [[-4.1802096, 53.2117956], [-4.180439, 53.2120224], [-4.1807236, 53.212286]], [[-3.9491637, 53.2669008], [-3.9489718, 53.2668953], [-3.9487077, 53.2668787], [-3.9484752, 53.2668634], [-3.9483198, 53.2668599], [-3.9481605, 53.2668656], [-3.9480172, 53.266881], [-3.947513, 53.266927], [-3.9473328, 53.2669365], [-3.9471616, 53.2669391], [-3.9469743, 53.2669352]], [[-3.8938723, 53.2836291], [-3.8932535, 53.2839366], [-3.8928888, 53.2841183], [-3.8925312, 53.2842891], [-3.8921268, 53.2844709], [-3.8917061, 53.2846503], [-3.8913242, 53.2848049], [-3.8909226, 53.284951], [-3.8905405, 53.2850927], [-3.8902477, 53.2852018]], [[-3.8753295, 53.2873426], [-3.8748156, 53.2872463], [-3.8736356, 53.2870473]], [[-4.1774632, 53.208738], [-4.1771199, 53.2084286], [-4.1769119, 53.2082041], [-4.1767698, 53.2080765], [-4.1766342, 53.2079631], [-4.1765233, 53.2078889]], [[-4.1748094, 53.2074951], [-4.1746338, 53.2075042], [-4.1741176, 53.2075438], [-4.1739687, 53.2075434]], [[-4.1749933, 53.2074921], [-4.1748094, 53.2074951]], [[-3.9799846, 53.2580055], [-3.9793982, 53.2582001], [-3.9787955, 53.2583941]], [[-3.9733155, 53.2599777], [-3.973142, 53.2600279]], [[-3.9713868, 53.2605962], [-3.9716105, 53.2604901], [-3.9717514, 53.2604241], [-3.9718265, 53.2603831], [-3.9718927, 53.2603367], [-3.9719386, 53.2603011], [-3.9719968, 53.2602484]], [[-3.966802, 53.2627633], [-3.9671603, 53.2626193], [-3.9674862, 53.2624826]], [[-3.9698623, 53.261469], [-3.9689985, 53.2618961]], [[-3.9689985, 53.2618961], [-3.9688144, 53.2619889]], [[-3.9674862, 53.2624826], [-3.9679359, 53.2622758], [-3.9682183, 53.2621382], [-3.9687034, 53.2618946]], [[-3.9687034, 53.2618946], [-3.9688947, 53.2618011]], [[-4.1913012, 53.224803], [-4.1912521, 53.224762], [-4.1910966, 53.2246553], [-4.191063, 53.2246206]], [[-4.2163361, 53.2224469], [-4.2164179, 53.2224243], [-4.2164982, 53.2223907], [-4.2165607, 53.2223576], [-4.2165964, 53.2223245]], [[-4.6305781, 53.3046121], [-4.6305697, 53.3046608], [-4.6305712, 53.3047074], [-4.6305769, 53.304756], [-4.6306047, 53.3048113], [-4.630665, 53.3048759], [-4.6308843, 53.3050627], [-4.6309749, 53.3051403]], [[-4.1574364, 53.2056254], [-4.1572587, 53.2057047], [-4.1570927, 53.2057878], [-4.1568621, 53.205916], [-4.156649, 53.2060375], [-4.1563071, 53.2061908]], [[-4.1103664, 53.2028419], [-4.1098327, 53.2031032], [-4.1093666, 53.2033384], [-4.1089654, 53.203552], [-4.1085784, 53.2037619], [-4.1079416, 53.2041268], [-4.1073601, 53.2044711]], [[-4.1072071, 53.2044089], [-4.1078466, 53.2040296], [-4.1083639, 53.2037357], [-4.1088426, 53.2034775], [-4.1092061, 53.2032813], [-4.109617, 53.2030732], [-4.1100279, 53.2028734], [-4.1105732, 53.2026117]], [[-4.1528819, 53.2052408], [-4.1533275, 53.2052533]], [[-4.136628, 53.2012575], [-4.1355115, 53.2009925], [-4.1346962, 53.2007978], [-4.1334678, 53.2005038], [-4.1325583, 53.2002926], [-4.1320708, 53.2001846], [-4.1316265, 53.2000932]], [[-4.1311101, 53.1999965], [-4.1304942, 53.1998903], [-4.1299679, 53.1998073], [-4.1296108, 53.1997585]], [[-4.1303556, 53.1997561], [-4.1307578, 53.1998226], [-4.1311584, 53.1998937], [-4.1316557, 53.1999883], [-4.1320423, 53.2000643], [-4.132652, 53.2001986], [-4.1335655, 53.2004104], [-4.1345406, 53.2006438], [-4.1355666, 53.200889], [-4.1366456, 53.2011507]], [[-4.1282791, 53.1995025], [-4.1286009, 53.1995339], [-4.129208, 53.1995994], [-4.129604, 53.1996492]], [[-4.1316265, 53.2000932], [-4.1311101, 53.1999965]], [[-4.1296108, 53.1997585], [-4.1292946, 53.1997181], [-4.1289783, 53.1996805]], [[-4.129604, 53.1996492], [-4.129919, 53.1996922], [-4.1303556, 53.1997561]], [[-4.1276761, 53.199451], [-4.1279767, 53.1994744], [-4.1282791, 53.1995025]], [[-4.1427736, 53.202735], [-4.1425887, 53.2026899], [-4.1417221, 53.202482], [-4.1394795, 53.2019444], [-4.1383585, 53.2016726], [-4.1370145, 53.2013527]], [[-4.1441193, 53.2030939], [-4.1437107, 53.2029768], [-4.1431496, 53.2028267], [-4.1427736, 53.202735]], [[-4.1370397, 53.2012478], [-4.1383877, 53.2015662], [-4.1395249, 53.2018399], [-4.1417344, 53.2023702], [-4.1426539, 53.202591], [-4.142834, 53.2026356]], [[-4.142834, 53.2026356], [-4.1432249, 53.2027321], [-4.1437936, 53.2028833], [-4.1441863, 53.202998]], [[-4.0936983, 53.2098257], [-4.0920255, 53.2102716]], [[-4.089618, 53.2109369], [-4.0878562, 53.2114284]], [[-4.0901596, 53.2107811], [-4.089618, 53.2109369]], [[-4.0920255, 53.2102716], [-4.0914321, 53.2104338]], [[-4.0656798, 53.219736], [-4.0668748, 53.2191198], [-4.0687457, 53.2181571]], [[-4.0691404, 53.2179506], [-4.07017, 53.2174195], [-4.0702987, 53.2173538]], [[-4.0702987, 53.2173538], [-4.0707025, 53.2171494]], [[-4.0687457, 53.2181571], [-4.0691404, 53.2179506]], [[-4.0183719, 53.234898], [-4.0174327, 53.2351433]], [[-4.0174327, 53.2351433], [-4.0169566, 53.2352703]], [[-4.001874, 53.2416507], [-4.002213, 53.2414473], [-4.002678, 53.2411792], [-4.0030587, 53.2409673], [-4.0034786, 53.2407395], [-4.0041245, 53.2404094], [-4.0047656, 53.2401028]], [[-4.0048801, 53.2401857], [-4.0042488, 53.2404867], [-4.0036093, 53.2408121], [-4.0031364, 53.2410666], [-4.0028284, 53.2412373], [-4.0023367, 53.2415238], [-4.002005, 53.2417246]], [[-4.0051333, 53.2400708], [-4.0048801, 53.2401857]], [[-4.0047656, 53.2401028], [-4.005008, 53.2399913]], [[-4.0006666, 53.2426075], [-4.0002726, 53.2428897], [-3.9999497, 53.2431319], [-3.9994931, 53.2434954], [-3.9990743, 53.2438549], [-3.9986571, 53.2442415]], [[-3.9986571, 53.2442415], [-3.9984421, 53.2444472]], [[-3.9984421, 53.2444472], [-3.9983047, 53.2445808]], [[-3.9966298, 53.2462815], [-3.9964059, 53.2465308], [-3.9959474, 53.2470406], [-3.9955206, 53.2475126], [-3.9952692, 53.2477844]], [[-3.9597447, 53.2645107], [-3.9599264, 53.2644725]], [[-3.9826163, 53.256863], [-3.9829939, 53.2566969], [-3.9837342, 53.2563537]], [[-3.9804255, 53.2577296], [-3.9808942, 53.2575568], [-3.9814736, 53.2573345], [-3.9821749, 53.2570482]], [[-3.9821749, 53.2570482], [-3.9826163, 53.256863]], [[-3.9837342, 53.2563537], [-3.9842825, 53.2560877]], [[-3.9418845, 53.2666957], [-3.941924, 53.2666822], [-3.9419671, 53.2666825]], [[-3.9432054, 53.266628], [-3.9435217, 53.2665793]], [[-3.9430295, 53.2666567], [-3.9432054, 53.266628]], [[-3.9568811, 53.2650427], [-3.9571664, 53.2650139]], [[-3.9435217, 53.2665793], [-3.9439657, 53.2665215]], [[-3.9419671, 53.2666825], [-3.9421049, 53.2666891]], [[-3.9368097, 53.2677664], [-3.9374823, 53.2676807], [-3.9381433, 53.2675939], [-3.9388136, 53.2674962], [-3.9390312, 53.2674627]], [[-3.9342015, 53.2681899], [-3.9347889, 53.2680837], [-3.9354861, 53.2679629], [-3.9361448, 53.2678587], [-3.9368097, 53.2677664]], [[-3.9381757, 53.2676973], [-3.9375091, 53.2677848], [-3.9368482, 53.2678701], [-3.9361237, 53.2679736], [-3.9354502, 53.2680801], [-3.9347933, 53.2681954], [-3.9342258, 53.2682974], [-3.9337101, 53.2683919]], [[-3.933542, 53.268309], [-3.9342015, 53.2681899]], [[-3.9330888, 53.2683947], [-3.933542, 53.268309]], [[-3.9337101, 53.2683919], [-3.933242, 53.2684808]], [[-3.9167673, 53.2738023], [-3.9164366, 53.2739286], [-3.916086, 53.2740494], [-3.9158109, 53.2741346], [-3.9155312, 53.274207], [-3.9151583, 53.2742964], [-3.9145543, 53.2744336], [-3.9138456, 53.2745967], [-3.9135007, 53.2746901], [-3.9131397, 53.274797], [-3.9127837, 53.2749067], [-3.9124288, 53.2750293], [-3.9120375, 53.2751802], [-3.9116459, 53.2753479], [-3.9111238, 53.275592]], [[-3.9111238, 53.275592], [-3.9107922, 53.2757491], [-3.9106986, 53.2757992], [-3.9106213, 53.2758556], [-3.9105637, 53.2759058], [-3.9104929, 53.2759744]], [[-3.9092255, 53.276346], [-3.9094484, 53.2762377], [-3.9095618, 53.2761708], [-3.9096263, 53.2761213], [-3.909679, 53.2760786], [-3.9097448, 53.2760126], [-3.9098109, 53.2759401]], [[-3.9043082, 53.2786766], [-3.9053168, 53.2781972], [-3.906012, 53.2778667], [-3.9066763, 53.277553], [-3.9075944, 53.2771168], [-3.9085726, 53.2766532], [-3.9092255, 53.276346]], [[-3.8992115, 53.2810939], [-3.8992811, 53.2810609], [-3.8999034, 53.2807619], [-3.9004353, 53.2805108], [-3.9005255, 53.2804674]], [[-3.9023361, 53.2797793], [-3.9012373, 53.2802957], [-3.901113, 53.2803541]], [[-3.901113, 53.2803541], [-3.9009803, 53.2804167]], [[-3.9005255, 53.2804674], [-3.9008447, 53.280318], [-3.9015319, 53.2799962]], [[-3.8920865, 53.2841189], [-3.8927207, 53.2838651], [-3.8931793, 53.2836845]], [[-3.8992437, 53.2809462], [-3.8992468, 53.2808878], [-3.8992361, 53.2807926]], [[-3.8999947, 53.2804664], [-3.9001168, 53.2804837], [-3.9001898, 53.2804864]], [[-3.8719075, 53.2866513], [-3.8720675, 53.2866678], [-3.8726308, 53.2867311], [-3.8730434, 53.286786], [-3.8737749, 53.2868896], [-3.8742243, 53.2869536], [-3.8748704, 53.2870442]], [[-3.8845988, 53.2878701], [-3.884484, 53.2878957]], [[-3.8902477, 53.2852018], [-3.8899432, 53.2853205], [-3.8894836, 53.2855028], [-3.8889175, 53.2857445], [-3.888558, 53.2858988]], [[-3.8736356, 53.2870473], [-3.8729911, 53.2869401]], [[-3.8758967, 53.2875317], [-3.87568, 53.2874446], [-3.8755047, 53.2873866], [-3.8753295, 53.2873426]], [[-3.8554156, 53.2883931], [-3.8549501, 53.288502], [-3.8544154, 53.288617], [-3.8539316, 53.2887147], [-3.8535457, 53.2887859], [-3.8531624, 53.2888523], [-3.8527325, 53.2889209]], [[-3.8527103, 53.2888321], [-3.8531308, 53.2887649], [-3.8534968, 53.2887006], [-3.8538721, 53.2886298], [-3.8543747, 53.2885296], [-3.854913, 53.2884116], [-3.8553579, 53.2883077]], [[-3.852296, 53.2888995], [-3.8527103, 53.2888321]], [[-3.8527325, 53.2889209], [-3.8523331, 53.2889845]], [[-3.8575143, 53.287816], [-3.8567114, 53.2880515], [-3.8563425, 53.2881547], [-3.8558884, 53.2882751], [-3.8554156, 53.2883931]], [[-3.8553579, 53.2883077], [-3.8558303, 53.288193], [-3.8562991, 53.2880667], [-3.8567631, 53.2879361], [-3.8573862, 53.287751], [-3.8578681, 53.2876114]], [[-3.8540975, 53.2889315], [-3.8537775, 53.2890012], [-3.8534852, 53.289059], [-3.8531885, 53.2891105], [-3.8529726, 53.2891468]], [[-3.8387201, 53.2895533], [-3.8380663, 53.2895203], [-3.837435, 53.2894826], [-3.8367148, 53.2894358]], [[-3.8367326, 53.2893435], [-3.8374332, 53.2893917], [-3.8380877, 53.2894304], [-3.8387305, 53.2894636]], [[-3.8387305, 53.2894636], [-3.8390777, 53.2894804]], [[-3.8390565, 53.2895679], [-3.8387201, 53.2895533]], [[-3.8508702, 53.2888628], [-3.851705, 53.2887375], [-3.8521044, 53.2886771]], [[-3.8521044, 53.2886771], [-3.852281, 53.2886722], [-3.8523535, 53.2886611], [-3.8524132, 53.2886485]], [[-3.6442961, 53.2908715], [-3.644524, 53.2908454], [-3.6451488, 53.2907974], [-3.6453853, 53.290784]], [[-3.6454005, 53.2908655], [-3.6443238, 53.2909585]], [[-3.0599697, 53.1802587], [-3.0608259, 53.1812124], [-3.0618219, 53.1826354], [-3.0624877, 53.1840019], [-3.0627707, 53.1844974]], [[-4.5500801, 53.2795816], [-4.5499664, 53.279559], [-4.549856, 53.2795434]], [[-4.5488564, 53.2788962], [-4.5488727, 53.2788623], [-4.5488825, 53.278817]], [[-4.5151458, 53.2750233], [-4.5151745, 53.2751437]], [[-3.8981248, 53.2816105], [-3.8992115, 53.2810939]], [[-3.8944169, 53.2833755], [-3.8938723, 53.2836291]], [[-3.4319052, 53.2626982], [-3.4333549, 53.2627092], [-3.4346664, 53.2627272]], [[-3.4307086, 53.2626832], [-3.4319052, 53.2626982]], [[-4.5377289, 53.2807873], [-4.5374062, 53.280768], [-4.5357429, 53.2806181], [-4.5348083, 53.2805089], [-4.5338689, 53.2803799]], [[-4.5378636, 53.2807954], [-4.5377289, 53.2807873]], [[-3.8524132, 53.2886485], [-3.8527385, 53.2885866]], [[-3.8527772, 53.2891537], [-3.8527464, 53.2891581], [-3.8527002, 53.2891648], [-3.8526394, 53.2891803]], [[-3.8529726, 53.2891468], [-3.8528645, 53.2891885], [-3.8528234, 53.2892145], [-3.8528051, 53.2892306]], [[-3.1376757, 53.2143926], [-3.1366608, 53.214001], [-3.1357679, 53.2136892], [-3.1344785, 53.2133097], [-3.1332273, 53.2129973], [-3.1318374, 53.2126871], [-3.1309463, 53.2124736], [-3.1301881, 53.2122607], [-3.1295081, 53.2120448], [-3.1288436, 53.2118164]], [[-3.1288436, 53.2118164], [-3.1284887, 53.2116879]], [[-3.488309, 53.2651063], [-3.4896025, 53.2653732], [-3.4901623, 53.2654868], [-3.4915577, 53.2657112], [-3.4929347, 53.2658935], [-3.4942846, 53.2660252], [-3.4956228, 53.2661174], [-3.4969375, 53.2661722], [-3.4982683, 53.2661961], [-3.4995463, 53.2661758], [-3.5001965, 53.2661582], [-3.5008382, 53.2661192]], [[-3.4833731, 53.2637674], [-3.4875176, 53.2649088], [-3.488309, 53.2651063]], [[-3.5008382, 53.2661192], [-3.5017391, 53.2660605], [-3.5026538, 53.2659883], [-3.5043895, 53.2658086], [-3.5059425, 53.2657025], [-3.5065399, 53.2656891]]]}}]}